ID,Date_Time,Year,Month,Mdate,Day,Time,Sensor_ID,Sensor_Name,Hourly_Counts
2887628,11/01/2019 05:00:00 PM,2019,November,1,Friday,17,34,Flinders St-Spark La,300
2887629,11/01/2019 05:00:00 PM,2019,November,1,Friday,17,39,Alfred Place,604
2887630,11/01/2019 05:00:00 PM,2019,November,1,Friday,17,37,Lygon St (East),216
2887631,11/01/2019 05:00:00 PM,2019,November,1,Friday,17,40,Lonsdale St-Spring St (West),627
2887632,11/01/2019 05:00:00 PM,2019,November,1,Friday,17,36,Queen St (West),774
2887633,11/01/2019 05:00:00 PM,2019,November,1,Friday,17,29,St Kilda Rd-Alexandra Gardens,644
2887634,11/01/2019 05:00:00 PM,2019,November,1,Friday,17,42,Grattan St-Swanston St (West),453
2887635,11/01/2019 05:00:00 PM,2019,November,1,Friday,17,43,Monash Rd-Swanston St (West),387
2887636,11/01/2019 05:00:00 PM,2019,November,1,Friday,17,44,Tin Alley-Swanston St (West),27
2887637,11/01/2019 05:00:00 PM,2019,November,1,Friday,17,35,Southbank,2691
2887638,11/01/2019 05:00:00 PM,2019,November,1,Friday,17,45,Little Collins St-Swanston St (East),2173
2887639,11/01/2019 05:00:00 PM,2019,November,1,Friday,17,46,Pelham St (S),203
2887640,11/01/2019 05:00:00 PM,2019,November,1,Friday,17,47,Melbourne Central-Elizabeth St (East),2354
2887641,11/01/2019 05:00:00 PM,2019,November,1,Friday,17,48,QVM-Queen St (East),358
2887642,11/01/2019 05:00:00 PM,2019,November,1,Friday,17,49,QVM-Therry St (South),161
2887643,11/01/2019 05:00:00 PM,2019,November,1,Friday,17,50,Faraday St-Lygon St (West),502
2887644,11/01/2019 05:00:00 PM,2019,November,1,Friday,17,51,QVM-Franklin St (North),159
2887645,11/01/2019 05:00:00 PM,2019,November,1,Friday,17,52,Elizabeth St-Lonsdale St (South),914
2887646,11/01/2019 05:00:00 PM,2019,November,1,Friday,17,54,Lincoln-Swanston(West),276
2887647,11/01/2019 05:00:00 PM,2019,November,1,Friday,17,55,Elizabeth St-La Trobe St (East),2070
2887648,11/01/2019 05:00:00 PM,2019,November,1,Friday,17,56,Lonsdale St - Elizabeth St (North),789
2887649,11/01/2019 05:00:00 PM,2019,November,1,Friday,17,57,Bourke St Bridge,2122
2887650,11/01/2019 05:00:00 PM,2019,November,1,Friday,17,58,Bourke St - Spencer St (North),2528
2887651,11/01/2019 05:00:00 PM,2019,November,1,Friday,17,59,Swanston St - RMIT Building 80,485
2887652,11/01/2019 05:00:00 PM,2019,November,1,Friday,17,61,Swanston St - RMIT Building 14,1240
2887653,11/01/2019 05:00:00 PM,2019,November,1,Friday,17,62,La Trobe St (North),229
2887654,11/01/2019 06:00:00 PM,2019,November,1,Friday,18,4,Town Hall (West),2950
2887655,11/01/2019 06:00:00 PM,2019,November,1,Friday,18,17,Collins Place (South),646
2887656,11/01/2019 06:00:00 PM,2019,November,1,Friday,18,18,Collins Place (North),626
2887657,11/01/2019 06:00:00 PM,2019,November,1,Friday,18,53,Collins St (North),1153
2887658,11/01/2019 06:00:00 PM,2019,November,1,Friday,18,2,Bourke Street Mall (South),2226
2887659,11/01/2019 06:00:00 PM,2019,November,1,Friday,18,1,Bourke Street Mall (North),3183
2887660,11/01/2019 06:00:00 PM,2019,November,1,Friday,18,3,Melbourne Central,2802
2887661,11/01/2019 06:00:00 PM,2019,November,1,Friday,18,15,State Library,1904
2887662,11/01/2019 06:00:00 PM,2019,November,1,Friday,18,9,Southern Cross Station,1310
2887663,11/01/2019 06:00:00 PM,2019,November,1,Friday,18,10,Victoria Point,147
2887664,11/01/2019 06:00:00 PM,2019,November,1,Friday,18,12,New Quay,424
2887665,11/01/2019 06:00:00 PM,2019,November,1,Friday,18,11,Waterfront City,90
2887666,11/01/2019 06:00:00 PM,2019,November,1,Friday,18,8,Webb Bridge,301
2887667,11/01/2019 06:00:00 PM,2019,November,1,Friday,18,7,Birrarung Marr,1010
2887668,11/01/2019 06:00:00 PM,2019,November,1,Friday,18,5,Princes Bridge,3084
2887669,11/01/2019 06:00:00 PM,2019,November,1,Friday,18,6,Flinders Street Station Underpass,3462
2887670,11/01/2019 06:00:00 PM,2019,November,1,Friday,18,14,Sandridge Bridge,43
2887671,11/01/2019 06:00:00 PM,2019,November,1,Friday,18,26,QV Market-Elizabeth St (West),744
2887672,11/01/2019 06:00:00 PM,2019,November,1,Friday,18,24,Spencer St-Collins St (North),2552
2887673,11/01/2019 06:00:00 PM,2019,November,1,Friday,18,23,Spencer St-Collins St (South),496
2887674,11/01/2019 06:00:00 PM,2019,November,1,Friday,18,25,Melbourne Convention Exhibition Centre,2355
2887675,11/01/2019 06:00:00 PM,2019,November,1,Friday,18,21,Bourke St-Russell St (West),1071
2887676,11/01/2019 06:00:00 PM,2019,November,1,Friday,18,20,Chinatown-Lt Bourke St (South),816
2887677,11/01/2019 06:00:00 PM,2019,November,1,Friday,18,19,Chinatown-Swanston St (North),1362
2887678,11/01/2019 06:00:00 PM,2019,November,1,Friday,18,22,Flinders St-Elizabeth St (East),3005
2887679,11/01/2019 06:00:00 PM,2019,November,1,Friday,18,27,QV Market-Peel St,159
2887680,11/01/2019 06:00:00 PM,2019,November,1,Friday,18,28,The Arts Centre,1565
2887681,11/01/2019 06:00:00 PM,2019,November,1,Friday,18,31,Lygon St (West),418
2887682,11/01/2019 06:00:00 PM,2019,November,1,Friday,18,30,Lonsdale St (South),1129
2887683,11/01/2019 06:00:00 PM,2019,November,1,Friday,18,34,Flinders St-Spark La,240
2887684,11/01/2019 06:00:00 PM,2019,November,1,Friday,18,39,Alfred Place,384
2887685,11/01/2019 06:00:00 PM,2019,November,1,Friday,18,37,Lygon St (East),210
2887686,11/01/2019 06:00:00 PM,2019,November,1,Friday,18,40,Lonsdale St-Spring St (West),387
2887687,11/01/2019 06:00:00 PM,2019,November,1,Friday,18,36,Queen St (West),496
2887688,11/01/2019 06:00:00 PM,2019,November,1,Friday,18,29,St Kilda Rd-Alexandra Gardens,754
2887689,11/01/2019 06:00:00 PM,2019,November,1,Friday,18,42,Grattan St-Swanston St (West),447
2887690,11/01/2019 06:00:00 PM,2019,November,1,Friday,18,43,Monash Rd-Swanston St (West),145
2887691,11/01/2019 06:00:00 PM,2019,November,1,Friday,18,44,Tin Alley-Swanston St (West),25
2887692,11/01/2019 06:00:00 PM,2019,November,1,Friday,18,35,Southbank,2292
2887693,11/01/2019 06:00:00 PM,2019,November,1,Friday,18,45,Little Collins St-Swanston St (East),1927
2887694,11/01/2019 06:00:00 PM,2019,November,1,Friday,18,46,Pelham St (S),201
2887695,11/01/2019 06:00:00 PM,2019,November,1,Friday,18,47,Melbourne Central-Elizabeth St (East),1933
2887696,11/01/2019 06:00:00 PM,2019,November,1,Friday,18,48,QVM-Queen St (East),273
2887697,11/01/2019 06:00:00 PM,2019,November,1,Friday,18,49,QVM-Therry St (South),150
2887698,11/01/2019 06:00:00 PM,2019,November,1,Friday,18,50,Faraday St-Lygon St (West),624
2887699,11/01/2019 06:00:00 PM,2019,November,1,Friday,18,51,QVM-Franklin St (North),181
2887700,11/01/2019 06:00:00 PM,2019,November,1,Friday,18,52,Elizabeth St-Lonsdale St (South),806
2887701,11/01/2019 06:00:00 PM,2019,November,1,Friday,18,54,Lincoln-Swanston(West),178
2887702,11/01/2019 06:00:00 PM,2019,November,1,Friday,18,55,Elizabeth St-La Trobe St (East),1972
2887703,11/01/2019 06:00:00 PM,2019,November,1,Friday,18,56,Lonsdale St - Elizabeth St (North),598
2887704,11/01/2019 06:00:00 PM,2019,November,1,Friday,18,57,Bourke St Bridge,870
2887705,11/01/2019 06:00:00 PM,2019,November,1,Friday,18,58,Bourke St - Spencer St (North),1499
2887706,11/01/2019 06:00:00 PM,2019,November,1,Friday,18,59,Swanston St - RMIT Building 80,396
2887707,11/01/2019 06:00:00 PM,2019,November,1,Friday,18,61,Swanston St - RMIT Building 14,1080
2887708,11/01/2019 06:00:00 PM,2019,November,1,Friday,18,62,La Trobe St (North),262
2887709,11/01/2019 07:00:00 PM,2019,November,1,Friday,19,4,Town Hall (West),2345
2887710,11/01/2019 07:00:00 PM,2019,November,1,Friday,19,17,Collins Place (South),367
2887711,11/01/2019 07:00:00 PM,2019,November,1,Friday,19,18,Collins Place (North),294
2887712,11/01/2019 07:00:00 PM,2019,November,1,Friday,19,53,Collins St (North),784
2887713,11/01/2019 07:00:00 PM,2019,November,1,Friday,19,2,Bourke Street Mall (South),1639
2887714,11/01/2019 07:00:00 PM,2019,November,1,Friday,19,1,Bourke Street Mall (North),2533
2887715,11/01/2019 07:00:00 PM,2019,November,1,Friday,19,3,Melbourne Central,2512
2887716,11/01/2019 07:00:00 PM,2019,November,1,Friday,19,15,State Library,1562
2887717,11/01/2019 07:00:00 PM,2019,November,1,Friday,19,9,Southern Cross Station,522
2887718,11/01/2019 07:00:00 PM,2019,November,1,Friday,19,10,Victoria Point,126
2887719,11/01/2019 07:00:00 PM,2019,November,1,Friday,19,12,New Quay,385
2887720,11/01/2019 07:00:00 PM,2019,November,1,Friday,19,11,Waterfront City,123
2887721,11/01/2019 07:00:00 PM,2019,November,1,Friday,19,8,Webb Bridge,221
2887722,11/01/2019 07:00:00 PM,2019,November,1,Friday,19,7,Birrarung Marr,436
2887723,11/01/2019 07:00:00 PM,2019,November,1,Friday,19,5,Princes Bridge,2530
2887724,11/01/2019 07:00:00 PM,2019,November,1,Friday,19,6,Flinders Street Station Underpass,2467
2887725,11/01/2019 07:00:00 PM,2019,November,1,Friday,19,14,Sandridge Bridge,38
2887726,11/01/2019 07:00:00 PM,2019,November,1,Friday,19,26,QV Market-Elizabeth St (West),698
2887727,11/01/2019 07:00:00 PM,2019,November,1,Friday,19,24,Spencer St-Collins St (North),1566
2887728,11/01/2019 07:00:00 PM,2019,November,1,Friday,19,23,Spencer St-Collins St (South),235
2887729,11/01/2019 07:00:00 PM,2019,November,1,Friday,19,25,Melbourne Convention Exhibition Centre,1741
2887730,11/01/2019 07:00:00 PM,2019,November,1,Friday,19,21,Bourke St-Russell St (West),1117
2887731,11/01/2019 07:00:00 PM,2019,November,1,Friday,19,20,Chinatown-Lt Bourke St (South),1013
2887732,11/01/2019 07:00:00 PM,2019,November,1,Friday,19,19,Chinatown-Swanston St (North),1404
2887733,11/01/2019 07:00:00 PM,2019,November,1,Friday,19,22,Flinders St-Elizabeth St (East),2647
2887734,11/01/2019 07:00:00 PM,2019,November,1,Friday,19,27,QV Market-Peel St,187
2887735,11/01/2019 07:00:00 PM,2019,November,1,Friday,19,28,The Arts Centre,1342
2887736,11/01/2019 07:00:00 PM,2019,November,1,Friday,19,31,Lygon St (West),512
2887737,11/01/2019 07:00:00 PM,2019,November,1,Friday,19,30,Lonsdale St (South),1184
2887738,11/01/2019 07:00:00 PM,2019,November,1,Friday,19,34,Flinders St-Spark La,158
2887739,11/01/2019 07:00:00 PM,2019,November,1,Friday,19,39,Alfred Place,289
2887740,11/01/2019 07:00:00 PM,2019,November,1,Friday,19,37,Lygon St (East),293
2887741,11/01/2019 07:00:00 PM,2019,November,1,Friday,19,40,Lonsdale St-Spring St (West),384
2887742,11/01/2019 07:00:00 PM,2019,November,1,Friday,19,36,Queen St (West),420
2887743,11/01/2019 07:00:00 PM,2019,November,1,Friday,19,29,St Kilda Rd-Alexandra Gardens,502
2887744,11/01/2019 07:00:00 PM,2019,November,1,Friday,19,42,Grattan St-Swanston St (West),303
2887745,11/01/2019 07:00:00 PM,2019,November,1,Friday,19,43,Monash Rd-Swanston St (West),42
2887746,11/01/2019 07:00:00 PM,2019,November,1,Friday,19,44,Tin Alley-Swanston St (West),41
2887747,11/01/2019 07:00:00 PM,2019,November,1,Friday,19,35,Southbank,2058
2887748,11/01/2019 07:00:00 PM,2019,November,1,Friday,19,45,Little Collins St-Swanston St (East),1647
2887749,11/01/2019 07:00:00 PM,2019,November,1,Friday,19,46,Pelham St (S),134
2887750,11/01/2019 07:00:00 PM,2019,November,1,Friday,19,47,Melbourne Central-Elizabeth St (East),1600
2887751,11/01/2019 07:00:00 PM,2019,November,1,Friday,19,48,QVM-Queen St (East),256
2887752,11/01/2019 07:00:00 PM,2019,November,1,Friday,19,49,QVM-Therry St (South),190
2887753,11/01/2019 07:00:00 PM,2019,November,1,Friday,19,50,Faraday St-Lygon St (West),572
2887754,11/01/2019 07:00:00 PM,2019,November,1,Friday,19,51,QVM-Franklin St (North),184
2887755,11/01/2019 07:00:00 PM,2019,November,1,Friday,19,52,Elizabeth St-Lonsdale St (South),773
2887756,11/01/2019 07:00:00 PM,2019,November,1,Friday,19,54,Lincoln-Swanston(West),182
2887757,11/01/2019 07:00:00 PM,2019,November,1,Friday,19,55,Elizabeth St-La Trobe St (East),1748
2887758,11/01/2019 07:00:00 PM,2019,November,1,Friday,19,56,Lonsdale St - Elizabeth St (North),569
2887759,11/01/2019 07:00:00 PM,2019,November,1,Friday,19,57,Bourke St Bridge,379
2887760,11/01/2019 07:00:00 PM,2019,November,1,Friday,19,58,Bourke St - Spencer St (North),953
2887761,11/01/2019 07:00:00 PM,2019,November,1,Friday,19,59,Swanston St - RMIT Building 80,179
2887762,11/01/2019 07:00:00 PM,2019,November,1,Friday,19,61,Swanston St - RMIT Building 14,832
2887763,11/01/2019 07:00:00 PM,2019,November,1,Friday,19,62,La Trobe St (North),280
2887764,11/01/2019 08:00:00 PM,2019,November,1,Friday,20,4,Town Hall (West),2051
2887765,11/01/2019 08:00:00 PM,2019,November,1,Friday,20,17,Collins Place (South),320
2887766,11/01/2019 08:00:00 PM,2019,November,1,Friday,20,18,Collins Place (North),182
2887767,11/01/2019 08:00:00 PM,2019,November,1,Friday,20,53,Collins St (North),589
2887768,11/01/2019 08:00:00 PM,2019,November,1,Friday,20,2,Bourke Street Mall (South),1204
2887769,11/01/2019 08:00:00 PM,2019,November,1,Friday,20,1,Bourke Street Mall (North),2070
2887770,11/01/2019 08:00:00 PM,2019,November,1,Friday,20,3,Melbourne Central,2822
2887771,11/01/2019 08:00:00 PM,2019,November,1,Friday,20,15,State Library,1444
2887772,11/01/2019 08:00:00 PM,2019,November,1,Friday,20,9,Southern Cross Station,277
2887773,11/01/2019 08:00:00 PM,2019,November,1,Friday,20,10,Victoria Point,142
2887774,11/01/2019 08:00:00 PM,2019,November,1,Friday,20,12,New Quay,476
2887775,11/01/2019 08:00:00 PM,2019,November,1,Friday,20,11,Waterfront City,154
2887776,11/01/2019 08:00:00 PM,2019,November,1,Friday,20,8,Webb Bridge,204
2887777,11/01/2019 08:00:00 PM,2019,November,1,Friday,20,7,Birrarung Marr,203
2887778,11/01/2019 08:00:00 PM,2019,November,1,Friday,20,5,Princes Bridge,1882
2887779,11/01/2019 08:00:00 PM,2019,November,1,Friday,20,6,Flinders Street Station Underpass,2097
2887780,11/01/2019 08:00:00 PM,2019,November,1,Friday,20,14,Sandridge Bridge,25
2887781,11/01/2019 08:00:00 PM,2019,November,1,Friday,20,26,QV Market-Elizabeth St (West),672
2887782,11/01/2019 08:00:00 PM,2019,November,1,Friday,20,24,Spencer St-Collins St (North),1043
2887783,11/01/2019 08:00:00 PM,2019,November,1,Friday,20,23,Spencer St-Collins St (South),200
2887784,11/01/2019 08:00:00 PM,2019,November,1,Friday,20,25,Melbourne Convention Exhibition Centre,1652
2887785,11/01/2019 08:00:00 PM,2019,November,1,Friday,20,21,Bourke St-Russell St (West),997
2887786,11/01/2019 08:00:00 PM,2019,November,1,Friday,20,20,Chinatown-Lt Bourke St (South),974
2887787,11/01/2019 08:00:00 PM,2019,November,1,Friday,20,19,Chinatown-Swanston St (North),1362
2887788,11/01/2019 08:00:00 PM,2019,November,1,Friday,20,22,Flinders St-Elizabeth St (East),2314
2887789,11/01/2019 08:00:00 PM,2019,November,1,Friday,20,27,QV Market-Peel St,135
2887790,11/01/2019 08:00:00 PM,2019,November,1,Friday,20,28,The Arts Centre,594
2887791,11/01/2019 08:00:00 PM,2019,November,1,Friday,20,31,Lygon St (West),687
2887792,11/01/2019 08:00:00 PM,2019,November,1,Friday,20,30,Lonsdale St (South),1064
2887793,11/01/2019 08:00:00 PM,2019,November,1,Friday,20,34,Flinders St-Spark La,118
2887794,11/01/2019 08:00:00 PM,2019,November,1,Friday,20,39,Alfred Place,158
2887795,11/01/2019 08:00:00 PM,2019,November,1,Friday,20,37,Lygon St (East),325
2887796,11/01/2019 08:00:00 PM,2019,November,1,Friday,20,40,Lonsdale St-Spring St (West),245
2887797,11/01/2019 08:00:00 PM,2019,November,1,Friday,20,36,Queen St (West),367
2844936,09/29/2019 10:00:00 AM,2019,September,29,Sunday,10,7,Birrarung Marr,418
2887798,11/01/2019 08:00:00 PM,2019,November,1,Friday,20,29,St Kilda Rd-Alexandra Gardens,299
2887799,11/01/2019 08:00:00 PM,2019,November,1,Friday,20,42,Grattan St-Swanston St (West),198
2887800,11/01/2019 08:00:00 PM,2019,November,1,Friday,20,43,Monash Rd-Swanston St (West),27
2887801,11/01/2019 08:00:00 PM,2019,November,1,Friday,20,44,Tin Alley-Swanston St (West),42
2887802,11/01/2019 08:00:00 PM,2019,November,1,Friday,20,35,Southbank,1695
2887803,11/01/2019 08:00:00 PM,2019,November,1,Friday,20,45,Little Collins St-Swanston St (East),1471
2887804,11/01/2019 08:00:00 PM,2019,November,1,Friday,20,46,Pelham St (S),132
2887805,11/01/2019 08:00:00 PM,2019,November,1,Friday,20,47,Melbourne Central-Elizabeth St (East),1414
2887806,11/01/2019 08:00:00 PM,2019,November,1,Friday,20,48,QVM-Queen St (East),186
2887807,11/01/2019 08:00:00 PM,2019,November,1,Friday,20,49,QVM-Therry St (South),100
2887808,11/01/2019 08:00:00 PM,2019,November,1,Friday,20,50,Faraday St-Lygon St (West),605
2887809,11/01/2019 08:00:00 PM,2019,November,1,Friday,20,51,QVM-Franklin St (North),151
2887810,11/01/2019 08:00:00 PM,2019,November,1,Friday,20,52,Elizabeth St-Lonsdale St (South),693
2887811,11/01/2019 08:00:00 PM,2019,November,1,Friday,20,54,Lincoln-Swanston(West),216
2887812,11/01/2019 08:00:00 PM,2019,November,1,Friday,20,55,Elizabeth St-La Trobe St (East),1673
2887813,11/01/2019 08:00:00 PM,2019,November,1,Friday,20,56,Lonsdale St - Elizabeth St (North),560
2887814,11/01/2019 08:00:00 PM,2019,November,1,Friday,20,57,Bourke St Bridge,249
2887815,11/01/2019 08:00:00 PM,2019,November,1,Friday,20,58,Bourke St - Spencer St (North),662
2887816,11/01/2019 08:00:00 PM,2019,November,1,Friday,20,59,Swanston St - RMIT Building 80,11
2887817,11/01/2019 08:00:00 PM,2019,November,1,Friday,20,61,Swanston St - RMIT Building 14,741
2887818,11/01/2019 08:00:00 PM,2019,November,1,Friday,20,62,La Trobe St (North),273
2887819,11/01/2019 09:00:00 PM,2019,November,1,Friday,21,4,Town Hall (West),1715
2887820,11/01/2019 09:00:00 PM,2019,November,1,Friday,21,17,Collins Place (South),191
2887821,11/01/2019 09:00:00 PM,2019,November,1,Friday,21,18,Collins Place (North),145
2887822,11/01/2019 09:00:00 PM,2019,November,1,Friday,21,53,Collins St (North),485
2887823,11/01/2019 09:00:00 PM,2019,November,1,Friday,21,2,Bourke Street Mall (South),588
2887824,11/01/2019 09:00:00 PM,2019,November,1,Friday,21,1,Bourke Street Mall (North),1450
2887825,11/01/2019 09:00:00 PM,2019,November,1,Friday,21,3,Melbourne Central,2662
2887826,11/01/2019 09:00:00 PM,2019,November,1,Friday,21,15,State Library,1267
2887827,11/01/2019 09:00:00 PM,2019,November,1,Friday,21,9,Southern Cross Station,167
2887828,11/01/2019 09:00:00 PM,2019,November,1,Friday,21,10,Victoria Point,76
2887829,11/01/2019 09:00:00 PM,2019,November,1,Friday,21,12,New Quay,462
2887830,11/01/2019 09:00:00 PM,2019,November,1,Friday,21,11,Waterfront City,109
2887831,11/01/2019 09:00:00 PM,2019,November,1,Friday,21,8,Webb Bridge,132
2887832,11/01/2019 09:00:00 PM,2019,November,1,Friday,21,7,Birrarung Marr,239
2887833,11/01/2019 09:00:00 PM,2019,November,1,Friday,21,5,Princes Bridge,2739
2887834,11/01/2019 09:00:00 PM,2019,November,1,Friday,21,6,Flinders Street Station Underpass,2006
2887835,11/01/2019 09:00:00 PM,2019,November,1,Friday,21,14,Sandridge Bridge,13
2887836,11/01/2019 09:00:00 PM,2019,November,1,Friday,21,26,QV Market-Elizabeth St (West),537
2887837,11/01/2019 09:00:00 PM,2019,November,1,Friday,21,24,Spencer St-Collins St (North),1054
2887838,11/01/2019 09:00:00 PM,2019,November,1,Friday,21,23,Spencer St-Collins St (South),229
2887839,11/01/2019 09:00:00 PM,2019,November,1,Friday,21,25,Melbourne Convention Exhibition Centre,1322
2887840,11/01/2019 09:00:00 PM,2019,November,1,Friday,21,21,Bourke St-Russell St (West),937
2887841,11/01/2019 09:00:00 PM,2019,November,1,Friday,21,20,Chinatown-Lt Bourke St (South),765
2887842,11/01/2019 09:00:00 PM,2019,November,1,Friday,21,19,Chinatown-Swanston St (North),1243
2887843,11/01/2019 09:00:00 PM,2019,November,1,Friday,21,22,Flinders St-Elizabeth St (East),2266
2887844,11/01/2019 09:00:00 PM,2019,November,1,Friday,21,27,QV Market-Peel St,146
2887845,11/01/2019 09:00:00 PM,2019,November,1,Friday,21,28,The Arts Centre,1205
2887846,11/01/2019 09:00:00 PM,2019,November,1,Friday,21,31,Lygon St (West),800
2887847,11/01/2019 09:00:00 PM,2019,November,1,Friday,21,30,Lonsdale St (South),1106
2887848,11/01/2019 09:00:00 PM,2019,November,1,Friday,21,34,Flinders St-Spark La,131
2887849,11/01/2019 09:00:00 PM,2019,November,1,Friday,21,39,Alfred Place,114
2887850,11/01/2019 09:00:00 PM,2019,November,1,Friday,21,37,Lygon St (East),366
2887851,11/01/2019 09:00:00 PM,2019,November,1,Friday,21,40,Lonsdale St-Spring St (West),215
2887852,11/01/2019 09:00:00 PM,2019,November,1,Friday,21,36,Queen St (West),297
2887853,11/01/2019 09:00:00 PM,2019,November,1,Friday,21,29,St Kilda Rd-Alexandra Gardens,382
2887854,11/01/2019 09:00:00 PM,2019,November,1,Friday,21,42,Grattan St-Swanston St (West),157
2887855,11/01/2019 09:00:00 PM,2019,November,1,Friday,21,43,Monash Rd-Swanston St (West),13
2887856,11/01/2019 09:00:00 PM,2019,November,1,Friday,21,44,Tin Alley-Swanston St (West),38
2887857,11/01/2019 09:00:00 PM,2019,November,1,Friday,21,35,Southbank,1825
2887858,11/01/2019 09:00:00 PM,2019,November,1,Friday,21,45,Little Collins St-Swanston St (East),1562
2887859,11/01/2019 09:00:00 PM,2019,November,1,Friday,21,46,Pelham St (S),93
2887860,11/01/2019 09:00:00 PM,2019,November,1,Friday,21,47,Melbourne Central-Elizabeth St (East),1213
2887861,11/01/2019 09:00:00 PM,2019,November,1,Friday,21,48,QVM-Queen St (East),189
2887862,11/01/2019 09:00:00 PM,2019,November,1,Friday,21,49,QVM-Therry St (South),137
2887863,11/01/2019 09:00:00 PM,2019,November,1,Friday,21,50,Faraday St-Lygon St (West),555
2887864,11/01/2019 09:00:00 PM,2019,November,1,Friday,21,51,QVM-Franklin St (North),148
2887865,11/01/2019 09:00:00 PM,2019,November,1,Friday,21,52,Elizabeth St-Lonsdale St (South),618
2887866,11/01/2019 09:00:00 PM,2019,November,1,Friday,21,54,Lincoln-Swanston(West),211
2887867,11/01/2019 09:00:00 PM,2019,November,1,Friday,21,55,Elizabeth St-La Trobe St (East),1530
2887868,11/01/2019 09:00:00 PM,2019,November,1,Friday,21,56,Lonsdale St - Elizabeth St (North),405
2887869,11/01/2019 09:00:00 PM,2019,November,1,Friday,21,57,Bourke St Bridge,161
2887870,11/01/2019 09:00:00 PM,2019,November,1,Friday,21,58,Bourke St - Spencer St (North),630
2887871,11/01/2019 09:00:00 PM,2019,November,1,Friday,21,59,Swanston St - RMIT Building 80,7
2887872,11/01/2019 09:00:00 PM,2019,November,1,Friday,21,61,Swanston St - RMIT Building 14,582
2887873,11/01/2019 09:00:00 PM,2019,November,1,Friday,21,62,La Trobe St (North),260
2887874,11/01/2019 10:00:00 PM,2019,November,1,Friday,22,4,Town Hall (West),1438
2887875,11/01/2019 10:00:00 PM,2019,November,1,Friday,22,17,Collins Place (South),197
2887876,11/01/2019 10:00:00 PM,2019,November,1,Friday,22,18,Collins Place (North),153
2887877,11/01/2019 10:00:00 PM,2019,November,1,Friday,22,53,Collins St (North),374
2887878,11/01/2019 10:00:00 PM,2019,November,1,Friday,22,2,Bourke Street Mall (South),349
2887879,11/01/2019 10:00:00 PM,2019,November,1,Friday,22,1,Bourke Street Mall (North),779
2887880,11/01/2019 10:00:00 PM,2019,November,1,Friday,22,3,Melbourne Central,1960
2887881,11/01/2019 10:00:00 PM,2019,November,1,Friday,22,15,State Library,909
2887882,11/01/2019 10:00:00 PM,2019,November,1,Friday,22,9,Southern Cross Station,157
2887883,11/01/2019 10:00:00 PM,2019,November,1,Friday,22,10,Victoria Point,76
2887884,11/01/2019 10:00:00 PM,2019,November,1,Friday,22,12,New Quay,363
2887885,11/01/2019 10:00:00 PM,2019,November,1,Friday,22,11,Waterfront City,82
2887886,11/01/2019 10:00:00 PM,2019,November,1,Friday,22,8,Webb Bridge,79
2887887,11/01/2019 10:00:00 PM,2019,November,1,Friday,22,7,Birrarung Marr,958
2887888,11/01/2019 10:00:00 PM,2019,November,1,Friday,22,5,Princes Bridge,1767
2887889,11/01/2019 10:00:00 PM,2019,November,1,Friday,22,6,Flinders Street Station Underpass,1600
2887890,11/01/2019 10:00:00 PM,2019,November,1,Friday,22,14,Sandridge Bridge,12
2887891,11/01/2019 10:00:00 PM,2019,November,1,Friday,22,26,QV Market-Elizabeth St (West),443
2887892,11/01/2019 10:00:00 PM,2019,November,1,Friday,22,24,Spencer St-Collins St (North),849
2887893,11/01/2019 10:00:00 PM,2019,November,1,Friday,22,23,Spencer St-Collins St (South),178
2887894,11/01/2019 10:00:00 PM,2019,November,1,Friday,22,25,Melbourne Convention Exhibition Centre,974
2887895,11/01/2019 10:00:00 PM,2019,November,1,Friday,22,21,Bourke St-Russell St (West),856
2887896,11/01/2019 10:00:00 PM,2019,November,1,Friday,22,20,Chinatown-Lt Bourke St (South),727
2887897,11/01/2019 10:00:00 PM,2019,November,1,Friday,22,19,Chinatown-Swanston St (North),983
2887898,11/01/2019 10:00:00 PM,2019,November,1,Friday,22,22,Flinders St-Elizabeth St (East),1833
2887899,11/01/2019 10:00:00 PM,2019,November,1,Friday,22,27,QV Market-Peel St,132
2887900,11/01/2019 10:00:00 PM,2019,November,1,Friday,22,28,The Arts Centre,677
2887901,11/01/2019 10:00:00 PM,2019,November,1,Friday,22,31,Lygon St (West),696
2887902,11/01/2019 10:00:00 PM,2019,November,1,Friday,22,30,Lonsdale St (South),1024
2887903,11/01/2019 10:00:00 PM,2019,November,1,Friday,22,34,Flinders St-Spark La,218
2887904,11/01/2019 10:00:00 PM,2019,November,1,Friday,22,39,Alfred Place,115
2887905,11/01/2019 10:00:00 PM,2019,November,1,Friday,22,37,Lygon St (East),287
2887906,11/01/2019 10:00:00 PM,2019,November,1,Friday,22,40,Lonsdale St-Spring St (West),351
2887907,11/01/2019 10:00:00 PM,2019,November,1,Friday,22,36,Queen St (West),390
2887908,11/01/2019 10:00:00 PM,2019,November,1,Friday,22,29,St Kilda Rd-Alexandra Gardens,367
2887909,11/01/2019 10:00:00 PM,2019,November,1,Friday,22,42,Grattan St-Swanston St (West),136
2887910,11/01/2019 10:00:00 PM,2019,November,1,Friday,22,43,Monash Rd-Swanston St (West),14
2887911,11/01/2019 10:00:00 PM,2019,November,1,Friday,22,44,Tin Alley-Swanston St (West),25
2887912,11/01/2019 10:00:00 PM,2019,November,1,Friday,22,35,Southbank,1503
2887913,11/01/2019 10:00:00 PM,2019,November,1,Friday,22,45,Little Collins St-Swanston St (East),1082
2887914,11/01/2019 10:00:00 PM,2019,November,1,Friday,22,46,Pelham St (S),66
2887915,11/01/2019 10:00:00 PM,2019,November,1,Friday,22,47,Melbourne Central-Elizabeth St (East),753
2887916,11/01/2019 10:00:00 PM,2019,November,1,Friday,22,48,QVM-Queen St (East),149
2887917,11/01/2019 10:00:00 PM,2019,November,1,Friday,22,49,QVM-Therry St (South),169
2887918,11/01/2019 10:00:00 PM,2019,November,1,Friday,22,50,Faraday St-Lygon St (West),423
2887919,11/01/2019 10:00:00 PM,2019,November,1,Friday,22,51,QVM-Franklin St (North),109
2887920,11/01/2019 10:00:00 PM,2019,November,1,Friday,22,52,Elizabeth St-Lonsdale St (South),576
2887921,11/01/2019 10:00:00 PM,2019,November,1,Friday,22,54,Lincoln-Swanston(West),132
2887922,11/01/2019 10:00:00 PM,2019,November,1,Friday,22,55,Elizabeth St-La Trobe St (East),1286
2887923,11/01/2019 10:00:00 PM,2019,November,1,Friday,22,56,Lonsdale St - Elizabeth St (North),309
2887924,11/01/2019 10:00:00 PM,2019,November,1,Friday,22,57,Bourke St Bridge,128
2887925,11/01/2019 10:00:00 PM,2019,November,1,Friday,22,58,Bourke St - Spencer St (North),573
2887926,11/01/2019 10:00:00 PM,2019,November,1,Friday,22,59,Swanston St - RMIT Building 80,10
2887927,11/01/2019 10:00:00 PM,2019,November,1,Friday,22,61,Swanston St - RMIT Building 14,494
2887928,11/01/2019 10:00:00 PM,2019,November,1,Friday,22,62,La Trobe St (North),235
2887929,11/01/2019 11:00:00 PM,2019,November,1,Friday,23,4,Town Hall (West),1064
2887930,11/01/2019 11:00:00 PM,2019,November,1,Friday,23,17,Collins Place (South),144
2887931,11/01/2019 11:00:00 PM,2019,November,1,Friday,23,18,Collins Place (North),83
2887932,11/01/2019 11:00:00 PM,2019,November,1,Friday,23,53,Collins St (North),239
2887933,11/01/2019 11:00:00 PM,2019,November,1,Friday,23,2,Bourke Street Mall (South),238
2887934,11/01/2019 11:00:00 PM,2019,November,1,Friday,23,1,Bourke Street Mall (North),391
2887935,11/01/2019 11:00:00 PM,2019,November,1,Friday,23,3,Melbourne Central,1537
2887936,11/01/2019 11:00:00 PM,2019,November,1,Friday,23,15,State Library,550
2887937,11/01/2019 11:00:00 PM,2019,November,1,Friday,23,9,Southern Cross Station,94
2887938,11/01/2019 11:00:00 PM,2019,November,1,Friday,23,10,Victoria Point,44
2887939,11/01/2019 11:00:00 PM,2019,November,1,Friday,23,12,New Quay,234
2887940,11/01/2019 11:00:00 PM,2019,November,1,Friday,23,11,Waterfront City,57
2887941,11/01/2019 11:00:00 PM,2019,November,1,Friday,23,8,Webb Bridge,85
2887942,11/01/2019 11:00:00 PM,2019,November,1,Friday,23,7,Birrarung Marr,823
2887943,11/01/2019 11:00:00 PM,2019,November,1,Friday,23,5,Princes Bridge,1306
2887944,11/01/2019 11:00:00 PM,2019,November,1,Friday,23,6,Flinders Street Station Underpass,1263
2887945,11/01/2019 11:00:00 PM,2019,November,1,Friday,23,14,Sandridge Bridge,14
2887946,11/01/2019 11:00:00 PM,2019,November,1,Friday,23,26,QV Market-Elizabeth St (West),316
2887947,11/01/2019 11:00:00 PM,2019,November,1,Friday,23,24,Spencer St-Collins St (North),672
2887948,11/01/2019 11:00:00 PM,2019,November,1,Friday,23,23,Spencer St-Collins St (South),151
2887949,11/01/2019 11:00:00 PM,2019,November,1,Friday,23,25,Melbourne Convention Exhibition Centre,696
2887950,11/01/2019 11:00:00 PM,2019,November,1,Friday,23,21,Bourke St-Russell St (West),667
2887951,11/01/2019 11:00:00 PM,2019,November,1,Friday,23,20,Chinatown-Lt Bourke St (South),473
2887952,11/01/2019 11:00:00 PM,2019,November,1,Friday,23,19,Chinatown-Swanston St (North),700
2887953,11/01/2019 11:00:00 PM,2019,November,1,Friday,23,22,Flinders St-Elizabeth St (East),1515
2887954,11/01/2019 11:00:00 PM,2019,November,1,Friday,23,27,QV Market-Peel St,82
2887955,11/01/2019 11:00:00 PM,2019,November,1,Friday,23,28,The Arts Centre,353
2887956,11/01/2019 11:00:00 PM,2019,November,1,Friday,23,31,Lygon St (West),541
2887957,11/01/2019 11:00:00 PM,2019,November,1,Friday,23,30,Lonsdale St (South),732
2887958,11/01/2019 11:00:00 PM,2019,November,1,Friday,23,34,Flinders St-Spark La,154
2887959,11/01/2019 11:00:00 PM,2019,November,1,Friday,23,39,Alfred Place,55
2887960,11/01/2019 11:00:00 PM,2019,November,1,Friday,23,37,Lygon St (East),139
2887961,11/01/2019 11:00:00 PM,2019,November,1,Friday,23,40,Lonsdale St-Spring St (West),137
2887962,11/01/2019 11:00:00 PM,2019,November,1,Friday,23,36,Queen St (West),365
2887963,11/01/2019 11:00:00 PM,2019,November,1,Friday,23,29,St Kilda Rd-Alexandra Gardens,394
2887964,11/01/2019 11:00:00 PM,2019,November,1,Friday,23,42,Grattan St-Swanston St (West),103
2887965,11/01/2019 11:00:00 PM,2019,November,1,Friday,23,43,Monash Rd-Swanston St (West),21
2887966,11/01/2019 11:00:00 PM,2019,November,1,Friday,23,44,Tin Alley-Swanston St (West),27
2887967,11/01/2019 11:00:00 PM,2019,November,1,Friday,23,35,Southbank,960
2887968,11/01/2019 11:00:00 PM,2019,November,1,Friday,23,45,Little Collins St-Swanston St (East),748
2887969,11/01/2019 11:00:00 PM,2019,November,1,Friday,23,46,Pelham St (S),50
2887970,11/01/2019 11:00:00 PM,2019,November,1,Friday,23,47,Melbourne Central-Elizabeth St (East),615
2887971,11/01/2019 11:00:00 PM,2019,November,1,Friday,23,48,QVM-Queen St (East),105
2887972,11/01/2019 11:00:00 PM,2019,November,1,Friday,23,49,QVM-Therry St (South),110
2887973,11/01/2019 11:00:00 PM,2019,November,1,Friday,23,50,Faraday St-Lygon St (West),139
2887974,11/01/2019 11:00:00 PM,2019,November,1,Friday,23,51,QVM-Franklin St (North),78
2887975,11/01/2019 11:00:00 PM,2019,November,1,Friday,23,52,Elizabeth St-Lonsdale St (South),416
2887976,11/01/2019 11:00:00 PM,2019,November,1,Friday,23,54,Lincoln-Swanston(West),98
2887977,11/01/2019 11:00:00 PM,2019,November,1,Friday,23,55,Elizabeth St-La Trobe St (East),1005
2887978,11/01/2019 11:00:00 PM,2019,November,1,Friday,23,56,Lonsdale St - Elizabeth St (North),245
2887979,11/01/2019 11:00:00 PM,2019,November,1,Friday,23,57,Bourke St Bridge,119
2887980,11/01/2019 11:00:00 PM,2019,November,1,Friday,23,58,Bourke St - Spencer St (North),373
2887981,11/01/2019 11:00:00 PM,2019,November,1,Friday,23,59,Swanston St - RMIT Building 80,6
2887982,11/01/2019 11:00:00 PM,2019,November,1,Friday,23,61,Swanston St - RMIT Building 14,320
2887983,11/01/2019 11:00:00 PM,2019,November,1,Friday,23,62,La Trobe St (North),176
2887984,11/02/2019 12:00:00 AM,2019,November,2,Saturday,0,4,Town Hall (West),1064
2887985,11/02/2019 12:00:00 AM,2019,November,2,Saturday,0,17,Collins Place (South),77
2887986,11/02/2019 12:00:00 AM,2019,November,2,Saturday,0,18,Collins Place (North),47
2887987,11/02/2019 12:00:00 AM,2019,November,2,Saturday,0,53,Collins St (North),172
2887988,11/02/2019 12:00:00 AM,2019,November,2,Saturday,0,2,Bourke Street Mall (South),189
2887989,11/02/2019 12:00:00 AM,2019,November,2,Saturday,0,1,Bourke Street Mall (North),205
2887990,11/02/2019 12:00:00 AM,2019,November,2,Saturday,0,3,Melbourne Central,986
2887991,11/02/2019 12:00:00 AM,2019,November,2,Saturday,0,15,State Library,302
2887992,11/02/2019 12:00:00 AM,2019,November,2,Saturday,0,9,Southern Cross Station,28
2887993,11/02/2019 12:00:00 AM,2019,November,2,Saturday,0,10,Victoria Point,13
2887994,11/02/2019 12:00:00 AM,2019,November,2,Saturday,0,12,New Quay,75
2887995,11/02/2019 12:00:00 AM,2019,November,2,Saturday,0,11,Waterfront City,17
2887996,11/02/2019 12:00:00 AM,2019,November,2,Saturday,0,8,Webb Bridge,17
2887997,11/02/2019 12:00:00 AM,2019,November,2,Saturday,0,7,Birrarung Marr,54
2887998,11/02/2019 12:00:00 AM,2019,November,2,Saturday,0,5,Princes Bridge,614
2887999,11/02/2019 12:00:00 AM,2019,November,2,Saturday,0,6,Flinders Street Station Underpass,796
2888000,11/02/2019 12:00:00 AM,2019,November,2,Saturday,0,14,Sandridge Bridge,12
2888001,11/02/2019 12:00:00 AM,2019,November,2,Saturday,0,26,QV Market-Elizabeth St (West),249
2888002,11/02/2019 12:00:00 AM,2019,November,2,Saturday,0,24,Spencer St-Collins St (North),361
2888003,11/02/2019 12:00:00 AM,2019,November,2,Saturday,0,23,Spencer St-Collins St (South),90
2888004,11/02/2019 12:00:00 AM,2019,November,2,Saturday,0,25,Melbourne Convention Exhibition Centre,453
2888005,11/02/2019 12:00:00 AM,2019,November,2,Saturday,0,21,Bourke St-Russell St (West),623
2888006,11/02/2019 12:00:00 AM,2019,November,2,Saturday,0,20,Chinatown-Lt Bourke St (South),228
2888007,11/02/2019 12:00:00 AM,2019,November,2,Saturday,0,19,Chinatown-Swanston St (North),399
2888008,11/02/2019 12:00:00 AM,2019,November,2,Saturday,0,22,Flinders St-Elizabeth St (East),743
2888009,11/02/2019 12:00:00 AM,2019,November,2,Saturday,0,27,QV Market-Peel St,46
2888010,11/02/2019 12:00:00 AM,2019,November,2,Saturday,0,28,The Arts Centre,185
2888011,11/02/2019 12:00:00 AM,2019,November,2,Saturday,0,31,Lygon St (West),178
2888012,11/02/2019 12:00:00 AM,2019,November,2,Saturday,0,30,Lonsdale St (South),556
2888013,11/02/2019 12:00:00 AM,2019,November,2,Saturday,0,34,Flinders St-Spark La,21
2888014,11/02/2019 12:00:00 AM,2019,November,2,Saturday,0,39,Alfred Place,52
2888015,11/02/2019 12:00:00 AM,2019,November,2,Saturday,0,37,Lygon St (East),45
2888016,11/02/2019 12:00:00 AM,2019,November,2,Saturday,0,40,Lonsdale St-Spring St (West),76
2888017,11/02/2019 12:00:00 AM,2019,November,2,Saturday,0,36,Queen St (West),254
2888018,11/02/2019 12:00:00 AM,2019,November,2,Saturday,0,29,St Kilda Rd-Alexandra Gardens,118
2888019,11/02/2019 12:00:00 AM,2019,November,2,Saturday,0,42,Grattan St-Swanston St (West),174
2888020,11/02/2019 12:00:00 AM,2019,November,2,Saturday,0,43,Monash Rd-Swanston St (West),26
2888021,11/02/2019 12:00:00 AM,2019,November,2,Saturday,0,44,Tin Alley-Swanston St (West),24
2888022,11/02/2019 12:00:00 AM,2019,November,2,Saturday,0,35,Southbank,421
2888023,11/02/2019 12:00:00 AM,2019,November,2,Saturday,0,45,Little Collins St-Swanston St (East),465
2888024,11/02/2019 12:00:00 AM,2019,November,2,Saturday,0,46,Pelham St (S),32
2888025,11/02/2019 12:00:00 AM,2019,November,2,Saturday,0,47,Melbourne Central-Elizabeth St (East),408
2888026,11/02/2019 12:00:00 AM,2019,November,2,Saturday,0,48,QVM-Queen St (East),59
2888027,11/02/2019 12:00:00 AM,2019,November,2,Saturday,0,49,QVM-Therry St (South),119
2888028,11/02/2019 12:00:00 AM,2019,November,2,Saturday,0,50,Faraday St-Lygon St (West),81
2888029,11/02/2019 12:00:00 AM,2019,November,2,Saturday,0,51,QVM-Franklin St (North),62
2888030,11/02/2019 12:00:00 AM,2019,November,2,Saturday,0,52,Elizabeth St-Lonsdale St (South),263
2888031,11/02/2019 12:00:00 AM,2019,November,2,Saturday,0,54,Lincoln-Swanston(West),68
2888032,11/02/2019 12:00:00 AM,2019,November,2,Saturday,0,55,Elizabeth St-La Trobe St (East),470
2888033,11/02/2019 12:00:00 AM,2019,November,2,Saturday,0,56,Lonsdale St - Elizabeth St (North),102
2888034,11/02/2019 12:00:00 AM,2019,November,2,Saturday,0,57,Bourke St Bridge,35
2888035,11/02/2019 12:00:00 AM,2019,November,2,Saturday,0,58,Bourke St - Spencer St (North),246
2888036,11/02/2019 12:00:00 AM,2019,November,2,Saturday,0,59,Swanston St - RMIT Building 80,1
2888037,11/02/2019 12:00:00 AM,2019,November,2,Saturday,0,61,Swanston St - RMIT Building 14,166
2888038,11/02/2019 12:00:00 AM,2019,November,2,Saturday,0,62,La Trobe St (North),124
2888039,11/02/2019 01:00:00 AM,2019,November,2,Saturday,1,4,Town Hall (West),375
2888040,11/02/2019 01:00:00 AM,2019,November,2,Saturday,1,17,Collins Place (South),43
2888041,11/02/2019 01:00:00 AM,2019,November,2,Saturday,1,18,Collins Place (North),14
2888042,11/02/2019 01:00:00 AM,2019,November,2,Saturday,1,53,Collins St (North),105
2888043,11/02/2019 01:00:00 AM,2019,November,2,Saturday,1,2,Bourke Street Mall (South),92
2888044,11/02/2019 01:00:00 AM,2019,November,2,Saturday,1,1,Bourke Street Mall (North),142
2888045,11/02/2019 01:00:00 AM,2019,November,2,Saturday,1,3,Melbourne Central,505
2888046,11/02/2019 01:00:00 AM,2019,November,2,Saturday,1,15,State Library,222
2888047,11/02/2019 01:00:00 AM,2019,November,2,Saturday,1,9,Southern Cross Station,19
2888048,11/02/2019 01:00:00 AM,2019,November,2,Saturday,1,10,Victoria Point,8
2888049,11/02/2019 01:00:00 AM,2019,November,2,Saturday,1,12,New Quay,40
2888050,11/02/2019 01:00:00 AM,2019,November,2,Saturday,1,11,Waterfront City,3
2888051,11/02/2019 01:00:00 AM,2019,November,2,Saturday,1,8,Webb Bridge,17
2888052,11/02/2019 01:00:00 AM,2019,November,2,Saturday,1,7,Birrarung Marr,106
2888053,11/02/2019 01:00:00 AM,2019,November,2,Saturday,1,5,Princes Bridge,300
2888054,11/02/2019 01:00:00 AM,2019,November,2,Saturday,1,6,Flinders Street Station Underpass,497
2888055,11/02/2019 01:00:00 AM,2019,November,2,Saturday,1,14,Sandridge Bridge,2
2888056,11/02/2019 01:00:00 AM,2019,November,2,Saturday,1,26,QV Market-Elizabeth St (West),157
2888057,11/02/2019 01:00:00 AM,2019,November,2,Saturday,1,24,Spencer St-Collins St (North),215
2888058,11/02/2019 01:00:00 AM,2019,November,2,Saturday,1,23,Spencer St-Collins St (South),80
2888059,11/02/2019 01:00:00 AM,2019,November,2,Saturday,1,25,Melbourne Convention Exhibition Centre,259
2888060,11/02/2019 01:00:00 AM,2019,November,2,Saturday,1,21,Bourke St-Russell St (West),441
2888061,11/02/2019 01:00:00 AM,2019,November,2,Saturday,1,20,Chinatown-Lt Bourke St (South),176
2888062,11/02/2019 01:00:00 AM,2019,November,2,Saturday,1,19,Chinatown-Swanston St (North),308
2888063,11/02/2019 01:00:00 AM,2019,November,2,Saturday,1,22,Flinders St-Elizabeth St (East),453
2888064,11/02/2019 01:00:00 AM,2019,November,2,Saturday,1,27,QV Market-Peel St,26
2888065,11/02/2019 01:00:00 AM,2019,November,2,Saturday,1,28,The Arts Centre,74
2888066,11/02/2019 01:00:00 AM,2019,November,2,Saturday,1,31,Lygon St (West),110
2888067,11/02/2019 01:00:00 AM,2019,November,2,Saturday,1,30,Lonsdale St (South),460
2888068,11/02/2019 01:00:00 AM,2019,November,2,Saturday,1,34,Flinders St-Spark La,21
2888069,11/02/2019 01:00:00 AM,2019,November,2,Saturday,1,39,Alfred Place,10
2888070,11/02/2019 01:00:00 AM,2019,November,2,Saturday,1,37,Lygon St (East),23
2888071,11/02/2019 01:00:00 AM,2019,November,2,Saturday,1,40,Lonsdale St-Spring St (West),62
2888072,11/02/2019 01:00:00 AM,2019,November,2,Saturday,1,36,Queen St (West),298
2888073,11/02/2019 01:00:00 AM,2019,November,2,Saturday,1,29,St Kilda Rd-Alexandra Gardens,38
2888074,11/02/2019 01:00:00 AM,2019,November,2,Saturday,1,42,Grattan St-Swanston St (West),329
2888075,11/02/2019 01:00:00 AM,2019,November,2,Saturday,1,43,Monash Rd-Swanston St (West),16
2888076,11/02/2019 01:00:00 AM,2019,November,2,Saturday,1,44,Tin Alley-Swanston St (West),9
2888077,11/02/2019 01:00:00 AM,2019,November,2,Saturday,1,35,Southbank,304
2888078,11/02/2019 01:00:00 AM,2019,November,2,Saturday,1,45,Little Collins St-Swanston St (East),248
2888079,11/02/2019 01:00:00 AM,2019,November,2,Saturday,1,46,Pelham St (S),9
2888080,11/02/2019 01:00:00 AM,2019,November,2,Saturday,1,47,Melbourne Central-Elizabeth St (East),260
2845162,09/29/2019 02:00:00 PM,2019,September,29,Sunday,14,46,Pelham St (S),104
2888081,11/02/2019 01:00:00 AM,2019,November,2,Saturday,1,48,QVM-Queen St (East),33
2888082,11/02/2019 01:00:00 AM,2019,November,2,Saturday,1,49,QVM-Therry St (South),94
2888083,11/02/2019 01:00:00 AM,2019,November,2,Saturday,1,50,Faraday St-Lygon St (West),19
2888084,11/02/2019 01:00:00 AM,2019,November,2,Saturday,1,51,QVM-Franklin St (North),38
2888085,11/02/2019 01:00:00 AM,2019,November,2,Saturday,1,52,Elizabeth St-Lonsdale St (South),249
2888086,11/02/2019 01:00:00 AM,2019,November,2,Saturday,1,54,Lincoln-Swanston(West),37
2888087,11/02/2019 01:00:00 AM,2019,November,2,Saturday,1,55,Elizabeth St-La Trobe St (East),328
2888088,11/02/2019 01:00:00 AM,2019,November,2,Saturday,1,56,Lonsdale St - Elizabeth St (North),71
2888089,11/02/2019 01:00:00 AM,2019,November,2,Saturday,1,57,Bourke St Bridge,27
2888090,11/02/2019 01:00:00 AM,2019,November,2,Saturday,1,58,Bourke St - Spencer St (North),156
2888091,11/02/2019 01:00:00 AM,2019,November,2,Saturday,1,59,Swanston St - RMIT Building 80,0
2888092,11/02/2019 01:00:00 AM,2019,November,2,Saturday,1,61,Swanston St - RMIT Building 14,83
2888093,11/02/2019 01:00:00 AM,2019,November,2,Saturday,1,62,La Trobe St (North),95
2888094,11/02/2019 02:00:00 AM,2019,November,2,Saturday,2,4,Town Hall (West),205
2888095,11/02/2019 02:00:00 AM,2019,November,2,Saturday,2,17,Collins Place (South),23
2888096,11/02/2019 02:00:00 AM,2019,November,2,Saturday,2,18,Collins Place (North),15
2888097,11/02/2019 02:00:00 AM,2019,November,2,Saturday,2,53,Collins St (North),45
2888098,11/02/2019 02:00:00 AM,2019,November,2,Saturday,2,2,Bourke Street Mall (South),74
2888099,11/02/2019 02:00:00 AM,2019,November,2,Saturday,2,1,Bourke Street Mall (North),63
2888100,11/02/2019 02:00:00 AM,2019,November,2,Saturday,2,3,Melbourne Central,301
2888101,11/02/2019 02:00:00 AM,2019,November,2,Saturday,2,15,State Library,83
2888102,11/02/2019 02:00:00 AM,2019,November,2,Saturday,2,9,Southern Cross Station,15
2888103,11/02/2019 02:00:00 AM,2019,November,2,Saturday,2,10,Victoria Point,10
2888104,11/02/2019 02:00:00 AM,2019,November,2,Saturday,2,12,New Quay,4
2888105,11/02/2019 02:00:00 AM,2019,November,2,Saturday,2,11,Waterfront City,0
2888106,11/02/2019 02:00:00 AM,2019,November,2,Saturday,2,8,Webb Bridge,7
2888107,11/02/2019 02:00:00 AM,2019,November,2,Saturday,2,7,Birrarung Marr,2
2888108,11/02/2019 02:00:00 AM,2019,November,2,Saturday,2,5,Princes Bridge,111
2888109,11/02/2019 02:00:00 AM,2019,November,2,Saturday,2,6,Flinders Street Station Underpass,195
2888110,11/02/2019 02:00:00 AM,2019,November,2,Saturday,2,14,Sandridge Bridge,7
2888111,11/02/2019 02:00:00 AM,2019,November,2,Saturday,2,26,QV Market-Elizabeth St (West),110
2888112,11/02/2019 02:00:00 AM,2019,November,2,Saturday,2,24,Spencer St-Collins St (North),91
2888113,11/02/2019 02:00:00 AM,2019,November,2,Saturday,2,23,Spencer St-Collins St (South),23
2888114,11/02/2019 02:00:00 AM,2019,November,2,Saturday,2,25,Melbourne Convention Exhibition Centre,97
2888115,11/02/2019 02:00:00 AM,2019,November,2,Saturday,2,21,Bourke St-Russell St (West),282
2888116,11/02/2019 02:00:00 AM,2019,November,2,Saturday,2,20,Chinatown-Lt Bourke St (South),117
2888117,11/02/2019 02:00:00 AM,2019,November,2,Saturday,2,19,Chinatown-Swanston St (North),92
2888118,11/02/2019 02:00:00 AM,2019,November,2,Saturday,2,22,Flinders St-Elizabeth St (East),342
2888119,11/02/2019 02:00:00 AM,2019,November,2,Saturday,2,27,QV Market-Peel St,15
2888120,11/02/2019 02:00:00 AM,2019,November,2,Saturday,2,28,The Arts Centre,51
2888121,11/02/2019 02:00:00 AM,2019,November,2,Saturday,2,31,Lygon St (West),17
2888122,11/02/2019 02:00:00 AM,2019,November,2,Saturday,2,30,Lonsdale St (South),346
2888123,11/02/2019 02:00:00 AM,2019,November,2,Saturday,2,34,Flinders St-Spark La,4
2888124,11/02/2019 02:00:00 AM,2019,November,2,Saturday,2,39,Alfred Place,32
2888125,11/02/2019 02:00:00 AM,2019,November,2,Saturday,2,37,Lygon St (East),10
2888126,11/02/2019 02:00:00 AM,2019,November,2,Saturday,2,40,Lonsdale St-Spring St (West),18
2888127,11/02/2019 02:00:00 AM,2019,November,2,Saturday,2,36,Queen St (West),153
2888128,11/02/2019 02:00:00 AM,2019,November,2,Saturday,2,29,St Kilda Rd-Alexandra Gardens,14
2888129,11/02/2019 02:00:00 AM,2019,November,2,Saturday,2,42,Grattan St-Swanston St (West),87
2888130,11/02/2019 02:00:00 AM,2019,November,2,Saturday,2,43,Monash Rd-Swanston St (West),8
2888131,11/02/2019 02:00:00 AM,2019,November,2,Saturday,2,44,Tin Alley-Swanston St (West),4
2888132,11/02/2019 02:00:00 AM,2019,November,2,Saturday,2,35,Southbank,95
2888133,11/02/2019 02:00:00 AM,2019,November,2,Saturday,2,45,Little Collins St-Swanston St (East),185
2888134,11/02/2019 02:00:00 AM,2019,November,2,Saturday,2,46,Pelham St (S),0
2888135,11/02/2019 02:00:00 AM,2019,November,2,Saturday,2,47,Melbourne Central-Elizabeth St (East),139
2888136,11/02/2019 02:00:00 AM,2019,November,2,Saturday,2,48,QVM-Queen St (East),21
2888137,11/02/2019 02:00:00 AM,2019,November,2,Saturday,2,49,QVM-Therry St (South),67
2888138,11/02/2019 02:00:00 AM,2019,November,2,Saturday,2,50,Faraday St-Lygon St (West),9
2888139,11/02/2019 02:00:00 AM,2019,November,2,Saturday,2,51,QVM-Franklin St (North),19
2888140,11/02/2019 02:00:00 AM,2019,November,2,Saturday,2,52,Elizabeth St-Lonsdale St (South),131
2888141,11/02/2019 02:00:00 AM,2019,November,2,Saturday,2,54,Lincoln-Swanston(West),22
2888142,11/02/2019 02:00:00 AM,2019,November,2,Saturday,2,55,Elizabeth St-La Trobe St (East),208
2888143,11/02/2019 02:00:00 AM,2019,November,2,Saturday,2,56,Lonsdale St - Elizabeth St (North),32
2888144,11/02/2019 02:00:00 AM,2019,November,2,Saturday,2,57,Bourke St Bridge,9
2888145,11/02/2019 02:00:00 AM,2019,November,2,Saturday,2,58,Bourke St - Spencer St (North),87
2888146,11/02/2019 02:00:00 AM,2019,November,2,Saturday,2,59,Swanston St - RMIT Building 80,2
2888147,11/02/2019 02:00:00 AM,2019,November,2,Saturday,2,61,Swanston St - RMIT Building 14,31
2888148,11/02/2019 02:00:00 AM,2019,November,2,Saturday,2,62,La Trobe St (North),40
2888149,11/02/2019 03:00:00 AM,2019,November,2,Saturday,3,4,Town Hall (West),96
2888150,11/02/2019 03:00:00 AM,2019,November,2,Saturday,3,17,Collins Place (South),13
2888151,11/02/2019 03:00:00 AM,2019,November,2,Saturday,3,18,Collins Place (North),11
2888152,11/02/2019 03:00:00 AM,2019,November,2,Saturday,3,53,Collins St (North),49
2888153,11/02/2019 03:00:00 AM,2019,November,2,Saturday,3,2,Bourke Street Mall (South),49
2888154,11/02/2019 03:00:00 AM,2019,November,2,Saturday,3,1,Bourke Street Mall (North),38
2888155,11/02/2019 03:00:00 AM,2019,November,2,Saturday,3,3,Melbourne Central,186
2888156,11/02/2019 03:00:00 AM,2019,November,2,Saturday,3,15,State Library,58
2888157,11/02/2019 03:00:00 AM,2019,November,2,Saturday,3,9,Southern Cross Station,9
2888158,11/02/2019 03:00:00 AM,2019,November,2,Saturday,3,10,Victoria Point,5
2888159,11/02/2019 03:00:00 AM,2019,November,2,Saturday,3,12,New Quay,7
2888160,11/02/2019 03:00:00 AM,2019,November,2,Saturday,3,11,Waterfront City,0
2888161,11/02/2019 03:00:00 AM,2019,November,2,Saturday,3,8,Webb Bridge,6
2888162,11/02/2019 03:00:00 AM,2019,November,2,Saturday,3,7,Birrarung Marr,3
2888163,11/02/2019 03:00:00 AM,2019,November,2,Saturday,3,5,Princes Bridge,106
2888164,11/02/2019 03:00:00 AM,2019,November,2,Saturday,3,6,Flinders Street Station Underpass,122
2888165,11/02/2019 03:00:00 AM,2019,November,2,Saturday,3,14,Sandridge Bridge,1
2888166,11/02/2019 03:00:00 AM,2019,November,2,Saturday,3,26,QV Market-Elizabeth St (West),90
2888167,11/02/2019 03:00:00 AM,2019,November,2,Saturday,3,24,Spencer St-Collins St (North),64
2888168,11/02/2019 03:00:00 AM,2019,November,2,Saturday,3,23,Spencer St-Collins St (South),16
2888169,11/02/2019 03:00:00 AM,2019,November,2,Saturday,3,25,Melbourne Convention Exhibition Centre,202
2888170,11/02/2019 03:00:00 AM,2019,November,2,Saturday,3,21,Bourke St-Russell St (West),215
2888171,11/02/2019 03:00:00 AM,2019,November,2,Saturday,3,20,Chinatown-Lt Bourke St (South),76
2888172,11/02/2019 03:00:00 AM,2019,November,2,Saturday,3,19,Chinatown-Swanston St (North),61
2888173,11/02/2019 03:00:00 AM,2019,November,2,Saturday,3,22,Flinders St-Elizabeth St (East),274
2888174,11/02/2019 03:00:00 AM,2019,November,2,Saturday,3,27,QV Market-Peel St,7
2888175,11/02/2019 03:00:00 AM,2019,November,2,Saturday,3,28,The Arts Centre,38
2888176,11/02/2019 03:00:00 AM,2019,November,2,Saturday,3,31,Lygon St (West),5
2888177,11/02/2019 03:00:00 AM,2019,November,2,Saturday,3,30,Lonsdale St (South),263
2888178,11/02/2019 03:00:00 AM,2019,November,2,Saturday,3,34,Flinders St-Spark La,4
2888179,11/02/2019 03:00:00 AM,2019,November,2,Saturday,3,39,Alfred Place,13
2888180,11/02/2019 03:00:00 AM,2019,November,2,Saturday,3,37,Lygon St (East),6
2888181,11/02/2019 03:00:00 AM,2019,November,2,Saturday,3,40,Lonsdale St-Spring St (West),18
2888182,11/02/2019 03:00:00 AM,2019,November,2,Saturday,3,36,Queen St (West),123
2888183,11/02/2019 03:00:00 AM,2019,November,2,Saturday,3,29,St Kilda Rd-Alexandra Gardens,16
2888184,11/02/2019 03:00:00 AM,2019,November,2,Saturday,3,42,Grattan St-Swanston St (West),15
2888185,11/02/2019 03:00:00 AM,2019,November,2,Saturday,3,43,Monash Rd-Swanston St (West),1
2888186,11/02/2019 03:00:00 AM,2019,November,2,Saturday,3,44,Tin Alley-Swanston St (West),5
2888187,11/02/2019 03:00:00 AM,2019,November,2,Saturday,3,35,Southbank,36
2888188,11/02/2019 03:00:00 AM,2019,November,2,Saturday,3,45,Little Collins St-Swanston St (East),109
2888189,11/02/2019 03:00:00 AM,2019,November,2,Saturday,3,46,Pelham St (S),9
2888190,11/02/2019 03:00:00 AM,2019,November,2,Saturday,3,47,Melbourne Central-Elizabeth St (East),115
2888191,11/02/2019 03:00:00 AM,2019,November,2,Saturday,3,48,QVM-Queen St (East),15
2845332,09/29/2019 06:00:00 PM,2019,September,29,Sunday,18,10,Victoria Point,50
2888192,11/02/2019 03:00:00 AM,2019,November,2,Saturday,3,49,QVM-Therry St (South),25
2888193,11/02/2019 03:00:00 AM,2019,November,2,Saturday,3,50,Faraday St-Lygon St (West),2
2888194,11/02/2019 03:00:00 AM,2019,November,2,Saturday,3,51,QVM-Franklin St (North),19
2888195,11/02/2019 03:00:00 AM,2019,November,2,Saturday,3,52,Elizabeth St-Lonsdale St (South),174
2888196,11/02/2019 03:00:00 AM,2019,November,2,Saturday,3,54,Lincoln-Swanston(West),15
2888197,11/02/2019 03:00:00 AM,2019,November,2,Saturday,3,55,Elizabeth St-La Trobe St (East),219
2888198,11/02/2019 03:00:00 AM,2019,November,2,Saturday,3,56,Lonsdale St - Elizabeth St (North),39
2888199,11/02/2019 03:00:00 AM,2019,November,2,Saturday,3,57,Bourke St Bridge,3
2888200,11/02/2019 03:00:00 AM,2019,November,2,Saturday,3,58,Bourke St - Spencer St (North),41
2888201,11/02/2019 03:00:00 AM,2019,November,2,Saturday,3,59,Swanston St - RMIT Building 80,1
2888202,11/02/2019 03:00:00 AM,2019,November,2,Saturday,3,61,Swanston St - RMIT Building 14,50
2888203,11/02/2019 03:00:00 AM,2019,November,2,Saturday,3,62,La Trobe St (North),71
2888204,11/02/2019 04:00:00 AM,2019,November,2,Saturday,4,4,Town Hall (West),78
2888205,11/02/2019 04:00:00 AM,2019,November,2,Saturday,4,17,Collins Place (South),6
2888206,11/02/2019 04:00:00 AM,2019,November,2,Saturday,4,18,Collins Place (North),1
2888207,11/02/2019 04:00:00 AM,2019,November,2,Saturday,4,53,Collins St (North),12
2888208,11/02/2019 04:00:00 AM,2019,November,2,Saturday,4,2,Bourke Street Mall (South),26
2888209,11/02/2019 04:00:00 AM,2019,November,2,Saturday,4,1,Bourke Street Mall (North),24
2888210,11/02/2019 04:00:00 AM,2019,November,2,Saturday,4,3,Melbourne Central,127
2888211,11/02/2019 04:00:00 AM,2019,November,2,Saturday,4,15,State Library,28
2888212,11/02/2019 04:00:00 AM,2019,November,2,Saturday,4,9,Southern Cross Station,2
2888213,11/02/2019 04:00:00 AM,2019,November,2,Saturday,4,10,Victoria Point,1
2888214,11/02/2019 04:00:00 AM,2019,November,2,Saturday,4,12,New Quay,1
2888215,11/02/2019 04:00:00 AM,2019,November,2,Saturday,4,11,Waterfront City,6
2888216,11/02/2019 04:00:00 AM,2019,November,2,Saturday,4,8,Webb Bridge,2
2888217,11/02/2019 04:00:00 AM,2019,November,2,Saturday,4,7,Birrarung Marr,12
2888218,11/02/2019 04:00:00 AM,2019,November,2,Saturday,4,5,Princes Bridge,69
2888219,11/02/2019 04:00:00 AM,2019,November,2,Saturday,4,6,Flinders Street Station Underpass,99
2888220,11/02/2019 04:00:00 AM,2019,November,2,Saturday,4,14,Sandridge Bridge,3
2888221,11/02/2019 04:00:00 AM,2019,November,2,Saturday,4,26,QV Market-Elizabeth St (West),63
2888222,11/02/2019 04:00:00 AM,2019,November,2,Saturday,4,24,Spencer St-Collins St (North),56
2888223,11/02/2019 04:00:00 AM,2019,November,2,Saturday,4,23,Spencer St-Collins St (South),12
2888224,11/02/2019 04:00:00 AM,2019,November,2,Saturday,4,25,Melbourne Convention Exhibition Centre,47
2888225,11/02/2019 04:00:00 AM,2019,November,2,Saturday,4,21,Bourke St-Russell St (West),195
2888226,11/02/2019 04:00:00 AM,2019,November,2,Saturday,4,20,Chinatown-Lt Bourke St (South),25
2888227,11/02/2019 04:00:00 AM,2019,November,2,Saturday,4,19,Chinatown-Swanston St (North),36
2888228,11/02/2019 04:00:00 AM,2019,November,2,Saturday,4,22,Flinders St-Elizabeth St (East),244
2888229,11/02/2019 04:00:00 AM,2019,November,2,Saturday,4,27,QV Market-Peel St,10
2888230,11/02/2019 04:00:00 AM,2019,November,2,Saturday,4,28,The Arts Centre,37
2888231,11/02/2019 04:00:00 AM,2019,November,2,Saturday,4,31,Lygon St (West),19
2888232,11/02/2019 04:00:00 AM,2019,November,2,Saturday,4,30,Lonsdale St (South),159
2888233,11/02/2019 04:00:00 AM,2019,November,2,Saturday,4,34,Flinders St-Spark La,6
2888234,11/02/2019 04:00:00 AM,2019,November,2,Saturday,4,39,Alfred Place,17
2888235,11/02/2019 04:00:00 AM,2019,November,2,Saturday,4,37,Lygon St (East),6
2888236,11/02/2019 04:00:00 AM,2019,November,2,Saturday,4,40,Lonsdale St-Spring St (West),5
2888237,11/02/2019 04:00:00 AM,2019,November,2,Saturday,4,36,Queen St (West),83
2888238,11/02/2019 04:00:00 AM,2019,November,2,Saturday,4,29,St Kilda Rd-Alexandra Gardens,12
2888239,11/02/2019 04:00:00 AM,2019,November,2,Saturday,4,42,Grattan St-Swanston St (West),13
2888240,11/02/2019 04:00:00 AM,2019,November,2,Saturday,4,43,Monash Rd-Swanston St (West),3
2888241,11/02/2019 04:00:00 AM,2019,November,2,Saturday,4,44,Tin Alley-Swanston St (West),4
2888242,11/02/2019 04:00:00 AM,2019,November,2,Saturday,4,35,Southbank,22
2888243,11/02/2019 04:00:00 AM,2019,November,2,Saturday,4,45,Little Collins St-Swanston St (East),33
2888244,11/02/2019 04:00:00 AM,2019,November,2,Saturday,4,46,Pelham St (S),2
2888245,11/02/2019 04:00:00 AM,2019,November,2,Saturday,4,47,Melbourne Central-Elizabeth St (East),62
2888246,11/02/2019 04:00:00 AM,2019,November,2,Saturday,4,48,QVM-Queen St (East),21
2888247,11/02/2019 04:00:00 AM,2019,November,2,Saturday,4,49,QVM-Therry St (South),41
2888248,11/02/2019 04:00:00 AM,2019,November,2,Saturday,4,50,Faraday St-Lygon St (West),4
2888249,11/02/2019 04:00:00 AM,2019,November,2,Saturday,4,51,QVM-Franklin St (North),10
2888250,11/02/2019 04:00:00 AM,2019,November,2,Saturday,4,52,Elizabeth St-Lonsdale St (South),32
2888251,11/02/2019 04:00:00 AM,2019,November,2,Saturday,4,54,Lincoln-Swanston(West),8
2888252,11/02/2019 04:00:00 AM,2019,November,2,Saturday,4,55,Elizabeth St-La Trobe St (East),115
2888253,11/02/2019 04:00:00 AM,2019,November,2,Saturday,4,56,Lonsdale St - Elizabeth St (North),21
2888254,11/02/2019 04:00:00 AM,2019,November,2,Saturday,4,57,Bourke St Bridge,11
2888255,11/02/2019 04:00:00 AM,2019,November,2,Saturday,4,58,Bourke St - Spencer St (North),28
2888256,11/02/2019 04:00:00 AM,2019,November,2,Saturday,4,59,Swanston St - RMIT Building 80,2
2888257,11/02/2019 04:00:00 AM,2019,November,2,Saturday,4,61,Swanston St - RMIT Building 14,18
2888258,11/02/2019 04:00:00 AM,2019,November,2,Saturday,4,62,La Trobe St (North),27
2888259,11/02/2019 05:00:00 AM,2019,November,2,Saturday,5,4,Town Hall (West),58
2888260,11/02/2019 05:00:00 AM,2019,November,2,Saturday,5,17,Collins Place (South),21
2888261,11/02/2019 05:00:00 AM,2019,November,2,Saturday,5,18,Collins Place (North),6
2888262,11/02/2019 05:00:00 AM,2019,November,2,Saturday,5,53,Collins St (North),33
2888263,11/02/2019 05:00:00 AM,2019,November,2,Saturday,5,2,Bourke Street Mall (South),20
2888264,11/02/2019 05:00:00 AM,2019,November,2,Saturday,5,1,Bourke Street Mall (North),25
2888265,11/02/2019 05:00:00 AM,2019,November,2,Saturday,5,3,Melbourne Central,68
2888266,11/02/2019 05:00:00 AM,2019,November,2,Saturday,5,15,State Library,23
2888267,11/02/2019 05:00:00 AM,2019,November,2,Saturday,5,9,Southern Cross Station,6
2888268,11/02/2019 05:00:00 AM,2019,November,2,Saturday,5,10,Victoria Point,14
2888269,11/02/2019 05:00:00 AM,2019,November,2,Saturday,5,12,New Quay,5
2888270,11/02/2019 05:00:00 AM,2019,November,2,Saturday,5,11,Waterfront City,0
2888271,11/02/2019 05:00:00 AM,2019,November,2,Saturday,5,8,Webb Bridge,4
2888272,11/02/2019 05:00:00 AM,2019,November,2,Saturday,5,7,Birrarung Marr,5
2888273,11/02/2019 05:00:00 AM,2019,November,2,Saturday,5,5,Princes Bridge,52
2888274,11/02/2019 05:00:00 AM,2019,November,2,Saturday,5,6,Flinders Street Station Underpass,99
2888275,11/02/2019 05:00:00 AM,2019,November,2,Saturday,5,14,Sandridge Bridge,3
2888276,11/02/2019 05:00:00 AM,2019,November,2,Saturday,5,26,QV Market-Elizabeth St (West),57
2888277,11/02/2019 05:00:00 AM,2019,November,2,Saturday,5,24,Spencer St-Collins St (North),126
2888278,11/02/2019 05:00:00 AM,2019,November,2,Saturday,5,23,Spencer St-Collins St (South),23
2888279,11/02/2019 05:00:00 AM,2019,November,2,Saturday,5,25,Melbourne Convention Exhibition Centre,45
2888280,11/02/2019 05:00:00 AM,2019,November,2,Saturday,5,21,Bourke St-Russell St (West),131
2888281,11/02/2019 05:00:00 AM,2019,November,2,Saturday,5,20,Chinatown-Lt Bourke St (South),25
2888282,11/02/2019 05:00:00 AM,2019,November,2,Saturday,5,19,Chinatown-Swanston St (North),28
2888283,11/02/2019 05:00:00 AM,2019,November,2,Saturday,5,22,Flinders St-Elizabeth St (East),151
2888284,11/02/2019 05:00:00 AM,2019,November,2,Saturday,5,27,QV Market-Peel St,14
2888285,11/02/2019 05:00:00 AM,2019,November,2,Saturday,5,28,The Arts Centre,32
2888286,11/02/2019 05:00:00 AM,2019,November,2,Saturday,5,31,Lygon St (West),24
2888287,11/02/2019 05:00:00 AM,2019,November,2,Saturday,5,30,Lonsdale St (South),122
2888288,11/02/2019 05:00:00 AM,2019,November,2,Saturday,5,34,Flinders St-Spark La,7
2888289,11/02/2019 05:00:00 AM,2019,November,2,Saturday,5,39,Alfred Place,9
2888290,11/02/2019 05:00:00 AM,2019,November,2,Saturday,5,37,Lygon St (East),12
2888291,11/02/2019 05:00:00 AM,2019,November,2,Saturday,5,40,Lonsdale St-Spring St (West),13
2888292,11/02/2019 05:00:00 AM,2019,November,2,Saturday,5,36,Queen St (West),20
2888293,11/02/2019 05:00:00 AM,2019,November,2,Saturday,5,29,St Kilda Rd-Alexandra Gardens,9
2888294,11/02/2019 05:00:00 AM,2019,November,2,Saturday,5,42,Grattan St-Swanston St (West),6
2888295,11/02/2019 05:00:00 AM,2019,November,2,Saturday,5,43,Monash Rd-Swanston St (West),2
2888296,11/02/2019 05:00:00 AM,2019,November,2,Saturday,5,44,Tin Alley-Swanston St (West),2
2888297,11/02/2019 05:00:00 AM,2019,November,2,Saturday,5,35,Southbank,48
2888298,11/02/2019 05:00:00 AM,2019,November,2,Saturday,5,45,Little Collins St-Swanston St (East),46
2888299,11/02/2019 05:00:00 AM,2019,November,2,Saturday,5,46,Pelham St (S),3
2888300,11/02/2019 05:00:00 AM,2019,November,2,Saturday,5,47,Melbourne Central-Elizabeth St (East),41
2888301,11/02/2019 05:00:00 AM,2019,November,2,Saturday,5,48,QVM-Queen St (East),14
2888302,11/02/2019 05:00:00 AM,2019,November,2,Saturday,5,49,QVM-Therry St (South),31
2888303,11/02/2019 05:00:00 AM,2019,November,2,Saturday,5,50,Faraday St-Lygon St (West),11
2888304,11/02/2019 05:00:00 AM,2019,November,2,Saturday,5,51,QVM-Franklin St (North),9
2888305,11/02/2019 05:00:00 AM,2019,November,2,Saturday,5,52,Elizabeth St-Lonsdale St (South),18
2888306,11/02/2019 05:00:00 AM,2019,November,2,Saturday,5,54,Lincoln-Swanston(West),6
2888307,11/02/2019 05:00:00 AM,2019,November,2,Saturday,5,55,Elizabeth St-La Trobe St (East),80
2888308,11/02/2019 05:00:00 AM,2019,November,2,Saturday,5,56,Lonsdale St - Elizabeth St (North),6
2888309,11/02/2019 05:00:00 AM,2019,November,2,Saturday,5,57,Bourke St Bridge,7
2888310,11/02/2019 05:00:00 AM,2019,November,2,Saturday,5,58,Bourke St - Spencer St (North),45
2888311,11/02/2019 05:00:00 AM,2019,November,2,Saturday,5,59,Swanston St - RMIT Building 80,0
2888312,11/02/2019 05:00:00 AM,2019,November,2,Saturday,5,61,Swanston St - RMIT Building 14,28
2888313,11/02/2019 05:00:00 AM,2019,November,2,Saturday,5,62,La Trobe St (North),16
2888314,11/02/2019 06:00:00 AM,2019,November,2,Saturday,6,4,Town Hall (West),102
2888315,11/02/2019 06:00:00 AM,2019,November,2,Saturday,6,17,Collins Place (South),61
2888316,11/02/2019 06:00:00 AM,2019,November,2,Saturday,6,18,Collins Place (North),27
2888317,11/02/2019 06:00:00 AM,2019,November,2,Saturday,6,53,Collins St (North),60
2888318,11/02/2019 06:00:00 AM,2019,November,2,Saturday,6,2,Bourke Street Mall (South),106
2888319,11/02/2019 06:00:00 AM,2019,November,2,Saturday,6,1,Bourke Street Mall (North),85
2888320,11/02/2019 06:00:00 AM,2019,November,2,Saturday,6,3,Melbourne Central,118
2888321,11/02/2019 06:00:00 AM,2019,November,2,Saturday,6,15,State Library,33
2888322,11/02/2019 06:00:00 AM,2019,November,2,Saturday,6,9,Southern Cross Station,31
2888323,11/02/2019 06:00:00 AM,2019,November,2,Saturday,6,10,Victoria Point,15
2888324,11/02/2019 06:00:00 AM,2019,November,2,Saturday,6,12,New Quay,20
2888325,11/02/2019 06:00:00 AM,2019,November,2,Saturday,6,11,Waterfront City,12
2888326,11/02/2019 06:00:00 AM,2019,November,2,Saturday,6,8,Webb Bridge,9
2888327,11/02/2019 06:00:00 AM,2019,November,2,Saturday,6,7,Birrarung Marr,29
2888328,11/02/2019 06:00:00 AM,2019,November,2,Saturday,6,5,Princes Bridge,69
2888329,11/02/2019 06:00:00 AM,2019,November,2,Saturday,6,6,Flinders Street Station Underpass,207
2888330,11/02/2019 06:00:00 AM,2019,November,2,Saturday,6,14,Sandridge Bridge,4
2888331,11/02/2019 06:00:00 AM,2019,November,2,Saturday,6,26,QV Market-Elizabeth St (West),130
2888332,11/02/2019 06:00:00 AM,2019,November,2,Saturday,6,24,Spencer St-Collins St (North),201
2888333,11/02/2019 06:00:00 AM,2019,November,2,Saturday,6,23,Spencer St-Collins St (South),38
2888334,11/02/2019 06:00:00 AM,2019,November,2,Saturday,6,25,Melbourne Convention Exhibition Centre,143
2888335,11/02/2019 06:00:00 AM,2019,November,2,Saturday,6,21,Bourke St-Russell St (West),92
2888336,11/02/2019 06:00:00 AM,2019,November,2,Saturday,6,20,Chinatown-Lt Bourke St (South),24
2888337,11/02/2019 06:00:00 AM,2019,November,2,Saturday,6,19,Chinatown-Swanston St (North),38
2888338,11/02/2019 06:00:00 AM,2019,November,2,Saturday,6,22,Flinders St-Elizabeth St (East),203
2888339,11/02/2019 06:00:00 AM,2019,November,2,Saturday,6,27,QV Market-Peel St,31
2888340,11/02/2019 06:00:00 AM,2019,November,2,Saturday,6,28,The Arts Centre,45
2888341,11/02/2019 06:00:00 AM,2019,November,2,Saturday,6,31,Lygon St (West),19
2888342,11/02/2019 06:00:00 AM,2019,November,2,Saturday,6,30,Lonsdale St (South),120
2888343,11/02/2019 06:00:00 AM,2019,November,2,Saturday,6,34,Flinders St-Spark La,16
2888344,11/02/2019 06:00:00 AM,2019,November,2,Saturday,6,39,Alfred Place,28
2888345,11/02/2019 06:00:00 AM,2019,November,2,Saturday,6,37,Lygon St (East),9
2888346,11/02/2019 06:00:00 AM,2019,November,2,Saturday,6,40,Lonsdale St-Spring St (West),27
2888347,11/02/2019 06:00:00 AM,2019,November,2,Saturday,6,36,Queen St (West),24
2888348,11/02/2019 06:00:00 AM,2019,November,2,Saturday,6,29,St Kilda Rd-Alexandra Gardens,44
2888349,11/02/2019 06:00:00 AM,2019,November,2,Saturday,6,42,Grattan St-Swanston St (West),23
2888350,11/02/2019 06:00:00 AM,2019,November,2,Saturday,6,43,Monash Rd-Swanston St (West),7
2888351,11/02/2019 06:00:00 AM,2019,November,2,Saturday,6,44,Tin Alley-Swanston St (West),4
2888352,11/02/2019 06:00:00 AM,2019,November,2,Saturday,6,35,Southbank,156
2888353,11/02/2019 06:00:00 AM,2019,November,2,Saturday,6,45,Little Collins St-Swanston St (East),69
2888354,11/02/2019 06:00:00 AM,2019,November,2,Saturday,6,46,Pelham St (S),5
2888355,11/02/2019 06:00:00 AM,2019,November,2,Saturday,6,47,Melbourne Central-Elizabeth St (East),86
2888356,11/02/2019 06:00:00 AM,2019,November,2,Saturday,6,48,QVM-Queen St (East),59
2888357,11/02/2019 06:00:00 AM,2019,November,2,Saturday,6,49,QVM-Therry St (South),42
2888358,11/02/2019 06:00:00 AM,2019,November,2,Saturday,6,50,Faraday St-Lygon St (West),16
2888359,11/02/2019 06:00:00 AM,2019,November,2,Saturday,6,51,QVM-Franklin St (North),17
2888360,11/02/2019 06:00:00 AM,2019,November,2,Saturday,6,52,Elizabeth St-Lonsdale St (South),39
2888361,11/02/2019 06:00:00 AM,2019,November,2,Saturday,6,54,Lincoln-Swanston(West),4
2888362,11/02/2019 06:00:00 AM,2019,November,2,Saturday,6,55,Elizabeth St-La Trobe St (East),100
2888363,11/02/2019 06:00:00 AM,2019,November,2,Saturday,6,56,Lonsdale St - Elizabeth St (North),27
2888364,11/02/2019 06:00:00 AM,2019,November,2,Saturday,6,57,Bourke St Bridge,23
2888365,11/02/2019 06:00:00 AM,2019,November,2,Saturday,6,58,Bourke St - Spencer St (North),102
2888366,11/02/2019 06:00:00 AM,2019,November,2,Saturday,6,59,Swanston St - RMIT Building 80,7
2888367,11/02/2019 06:00:00 AM,2019,November,2,Saturday,6,61,Swanston St - RMIT Building 14,35
2888368,11/02/2019 06:00:00 AM,2019,November,2,Saturday,6,62,La Trobe St (North),12
2888369,11/02/2019 07:00:00 AM,2019,November,2,Saturday,7,4,Town Hall (West),269
2888370,11/02/2019 07:00:00 AM,2019,November,2,Saturday,7,17,Collins Place (South),86
2888371,11/02/2019 07:00:00 AM,2019,November,2,Saturday,7,18,Collins Place (North),44
2888372,11/02/2019 07:00:00 AM,2019,November,2,Saturday,7,53,Collins St (North),114
2888373,11/02/2019 07:00:00 AM,2019,November,2,Saturday,7,2,Bourke Street Mall (South),161
2888374,11/02/2019 07:00:00 AM,2019,November,2,Saturday,7,1,Bourke Street Mall (North),162
2888375,11/02/2019 07:00:00 AM,2019,November,2,Saturday,7,3,Melbourne Central,189
2888376,11/02/2019 07:00:00 AM,2019,November,2,Saturday,7,15,State Library,118
2888377,11/02/2019 07:00:00 AM,2019,November,2,Saturday,7,9,Southern Cross Station,61
2888378,11/02/2019 07:00:00 AM,2019,November,2,Saturday,7,10,Victoria Point,17
2888379,11/02/2019 07:00:00 AM,2019,November,2,Saturday,7,12,New Quay,56
2888380,11/02/2019 07:00:00 AM,2019,November,2,Saturday,7,11,Waterfront City,15
2888381,11/02/2019 07:00:00 AM,2019,November,2,Saturday,7,8,Webb Bridge,45
2888382,11/02/2019 07:00:00 AM,2019,November,2,Saturday,7,7,Birrarung Marr,61
2888383,11/02/2019 07:00:00 AM,2019,November,2,Saturday,7,5,Princes Bridge,189
2888384,11/02/2019 07:00:00 AM,2019,November,2,Saturday,7,6,Flinders Street Station Underpass,446
2888385,11/02/2019 07:00:00 AM,2019,November,2,Saturday,7,14,Sandridge Bridge,9
2888386,11/02/2019 07:00:00 AM,2019,November,2,Saturday,7,26,QV Market-Elizabeth St (West),252
2888387,11/02/2019 07:00:00 AM,2019,November,2,Saturday,7,24,Spencer St-Collins St (North),436
2888388,11/02/2019 07:00:00 AM,2019,November,2,Saturday,7,23,Spencer St-Collins St (South),66
2888389,11/02/2019 07:00:00 AM,2019,November,2,Saturday,7,25,Melbourne Convention Exhibition Centre,207
2888390,11/02/2019 07:00:00 AM,2019,November,2,Saturday,7,21,Bourke St-Russell St (West),86
2888391,11/02/2019 07:00:00 AM,2019,November,2,Saturday,7,20,Chinatown-Lt Bourke St (South),31
2888392,11/02/2019 07:00:00 AM,2019,November,2,Saturday,7,19,Chinatown-Swanston St (North),53
2888393,11/02/2019 07:00:00 AM,2019,November,2,Saturday,7,22,Flinders St-Elizabeth St (East),448
2888394,11/02/2019 07:00:00 AM,2019,November,2,Saturday,7,27,QV Market-Peel St,81
2888395,11/02/2019 07:00:00 AM,2019,November,2,Saturday,7,28,The Arts Centre,104
2888396,11/02/2019 07:00:00 AM,2019,November,2,Saturday,7,31,Lygon St (West),46
2888397,11/02/2019 07:00:00 AM,2019,November,2,Saturday,7,30,Lonsdale St (South),69
2888398,11/02/2019 07:00:00 AM,2019,November,2,Saturday,7,34,Flinders St-Spark La,37
2888399,11/02/2019 07:00:00 AM,2019,November,2,Saturday,7,39,Alfred Place,53
2888400,11/02/2019 07:00:00 AM,2019,November,2,Saturday,7,37,Lygon St (East),22
2888401,11/02/2019 07:00:00 AM,2019,November,2,Saturday,7,40,Lonsdale St-Spring St (West),55
2888402,11/02/2019 07:00:00 AM,2019,November,2,Saturday,7,36,Queen St (West),72
2888403,11/02/2019 07:00:00 AM,2019,November,2,Saturday,7,29,St Kilda Rd-Alexandra Gardens,111
2888404,11/02/2019 07:00:00 AM,2019,November,2,Saturday,7,42,Grattan St-Swanston St (West),28
2888405,11/02/2019 07:00:00 AM,2019,November,2,Saturday,7,43,Monash Rd-Swanston St (West),22
2888406,11/02/2019 07:00:00 AM,2019,November,2,Saturday,7,44,Tin Alley-Swanston St (West),12
2888407,11/02/2019 07:00:00 AM,2019,November,2,Saturday,7,35,Southbank,344
2888408,11/02/2019 07:00:00 AM,2019,November,2,Saturday,7,45,Little Collins St-Swanston St (East),158
2888409,11/02/2019 07:00:00 AM,2019,November,2,Saturday,7,46,Pelham St (S),23
2888410,11/02/2019 07:00:00 AM,2019,November,2,Saturday,7,47,Melbourne Central-Elizabeth St (East),214
2888411,11/02/2019 07:00:00 AM,2019,November,2,Saturday,7,48,QVM-Queen St (East),163
2888412,11/02/2019 07:00:00 AM,2019,November,2,Saturday,7,49,QVM-Therry St (South),89
2888413,11/02/2019 07:00:00 AM,2019,November,2,Saturday,7,50,Faraday St-Lygon St (West),37
2888414,11/02/2019 07:00:00 AM,2019,November,2,Saturday,7,51,QVM-Franklin St (North),32
2845333,09/29/2019 06:00:00 PM,2019,September,29,Sunday,18,12,New Quay,323
2888415,11/02/2019 07:00:00 AM,2019,November,2,Saturday,7,52,Elizabeth St-Lonsdale St (South),51
2888416,11/02/2019 07:00:00 AM,2019,November,2,Saturday,7,54,Lincoln-Swanston(West),20
2888417,11/02/2019 07:00:00 AM,2019,November,2,Saturday,7,55,Elizabeth St-La Trobe St (East),235
2888418,11/02/2019 07:00:00 AM,2019,November,2,Saturday,7,56,Lonsdale St - Elizabeth St (North),55
2888419,11/02/2019 07:00:00 AM,2019,November,2,Saturday,7,57,Bourke St Bridge,55
2888420,11/02/2019 07:00:00 AM,2019,November,2,Saturday,7,58,Bourke St - Spencer St (North),189
2888421,11/02/2019 07:00:00 AM,2019,November,2,Saturday,7,59,Swanston St - RMIT Building 80,16
2888422,11/02/2019 07:00:00 AM,2019,November,2,Saturday,7,61,Swanston St - RMIT Building 14,72
2888423,11/02/2019 07:00:00 AM,2019,November,2,Saturday,7,62,La Trobe St (North),37
2888424,11/02/2019 08:00:00 AM,2019,November,2,Saturday,8,4,Town Hall (West),404
2888425,11/02/2019 08:00:00 AM,2019,November,2,Saturday,8,17,Collins Place (South),128
2888426,11/02/2019 08:00:00 AM,2019,November,2,Saturday,8,18,Collins Place (North),55
2888427,11/02/2019 08:00:00 AM,2019,November,2,Saturday,8,53,Collins St (North),272
2888428,11/02/2019 08:00:00 AM,2019,November,2,Saturday,8,2,Bourke Street Mall (South),309
2888429,11/02/2019 08:00:00 AM,2019,November,2,Saturday,8,1,Bourke Street Mall (North),385
2888430,11/02/2019 08:00:00 AM,2019,November,2,Saturday,8,3,Melbourne Central,309
2888431,11/02/2019 08:00:00 AM,2019,November,2,Saturday,8,15,State Library,217
2888432,11/02/2019 08:00:00 AM,2019,November,2,Saturday,8,9,Southern Cross Station,79
2888433,11/02/2019 08:00:00 AM,2019,November,2,Saturday,8,10,Victoria Point,60
2888434,11/02/2019 08:00:00 AM,2019,November,2,Saturday,8,12,New Quay,64
2888435,11/02/2019 08:00:00 AM,2019,November,2,Saturday,8,11,Waterfront City,12
2888436,11/02/2019 08:00:00 AM,2019,November,2,Saturday,8,8,Webb Bridge,44
2888437,11/02/2019 08:00:00 AM,2019,November,2,Saturday,8,7,Birrarung Marr,32
2888438,11/02/2019 08:00:00 AM,2019,November,2,Saturday,8,5,Princes Bridge,319
2888439,11/02/2019 08:00:00 AM,2019,November,2,Saturday,8,6,Flinders Street Station Underpass,608
2888440,11/02/2019 08:00:00 AM,2019,November,2,Saturday,8,14,Sandridge Bridge,7
2888441,11/02/2019 08:00:00 AM,2019,November,2,Saturday,8,26,QV Market-Elizabeth St (West),360
2888442,11/02/2019 08:00:00 AM,2019,November,2,Saturday,8,24,Spencer St-Collins St (North),766
2888443,11/02/2019 08:00:00 AM,2019,November,2,Saturday,8,23,Spencer St-Collins St (South),132
2888444,11/02/2019 08:00:00 AM,2019,November,2,Saturday,8,25,Melbourne Convention Exhibition Centre,355
2888445,11/02/2019 08:00:00 AM,2019,November,2,Saturday,8,21,Bourke St-Russell St (West),136
2888446,11/02/2019 08:00:00 AM,2019,November,2,Saturday,8,20,Chinatown-Lt Bourke St (South),61
2888447,11/02/2019 08:00:00 AM,2019,November,2,Saturday,8,19,Chinatown-Swanston St (North),91
2888448,11/02/2019 08:00:00 AM,2019,November,2,Saturday,8,22,Flinders St-Elizabeth St (East),847
2888449,11/02/2019 08:00:00 AM,2019,November,2,Saturday,8,27,QV Market-Peel St,166
2888450,11/02/2019 08:00:00 AM,2019,November,2,Saturday,8,28,The Arts Centre,208
2888451,11/02/2019 08:00:00 AM,2019,November,2,Saturday,8,31,Lygon St (West),85
2888452,11/02/2019 08:00:00 AM,2019,November,2,Saturday,8,30,Lonsdale St (South),101
2888453,11/02/2019 08:00:00 AM,2019,November,2,Saturday,8,34,Flinders St-Spark La,36
2888454,11/02/2019 08:00:00 AM,2019,November,2,Saturday,8,39,Alfred Place,99
2888455,11/02/2019 08:00:00 AM,2019,November,2,Saturday,8,37,Lygon St (East),69
2888456,11/02/2019 08:00:00 AM,2019,November,2,Saturday,8,40,Lonsdale St-Spring St (West),88
2888457,11/02/2019 08:00:00 AM,2019,November,2,Saturday,8,36,Queen St (West),148
2888458,11/02/2019 08:00:00 AM,2019,November,2,Saturday,8,29,St Kilda Rd-Alexandra Gardens,69
2888459,11/02/2019 08:00:00 AM,2019,November,2,Saturday,8,42,Grattan St-Swanston St (West),48
2888460,11/02/2019 08:00:00 AM,2019,November,2,Saturday,8,43,Monash Rd-Swanston St (West),49
2888461,11/02/2019 08:00:00 AM,2019,November,2,Saturday,8,44,Tin Alley-Swanston St (West),29
2888462,11/02/2019 08:00:00 AM,2019,November,2,Saturday,8,35,Southbank,428
2888463,11/02/2019 08:00:00 AM,2019,November,2,Saturday,8,45,Little Collins St-Swanston St (East),185
2888464,11/02/2019 08:00:00 AM,2019,November,2,Saturday,8,46,Pelham St (S),56
2888465,11/02/2019 08:00:00 AM,2019,November,2,Saturday,8,47,Melbourne Central-Elizabeth St (East),350
2888466,11/02/2019 08:00:00 AM,2019,November,2,Saturday,8,48,QVM-Queen St (East),201
2888467,11/02/2019 08:00:00 AM,2019,November,2,Saturday,8,49,QVM-Therry St (South),110
2888468,11/02/2019 08:00:00 AM,2019,November,2,Saturday,8,50,Faraday St-Lygon St (West),89
2888469,11/02/2019 08:00:00 AM,2019,November,2,Saturday,8,51,QVM-Franklin St (North),52
2845334,09/29/2019 06:00:00 PM,2019,September,29,Sunday,18,11,Waterfront City,98
2888470,11/02/2019 08:00:00 AM,2019,November,2,Saturday,8,52,Elizabeth St-Lonsdale St (South),237
2888471,11/02/2019 08:00:00 AM,2019,November,2,Saturday,8,54,Lincoln-Swanston(West),46
2888472,11/02/2019 08:00:00 AM,2019,November,2,Saturday,8,55,Elizabeth St-La Trobe St (East),351
2888473,11/02/2019 08:00:00 AM,2019,November,2,Saturday,8,56,Lonsdale St - Elizabeth St (North),151
2888474,11/02/2019 08:00:00 AM,2019,November,2,Saturday,8,57,Bourke St Bridge,54
2888475,11/02/2019 08:00:00 AM,2019,November,2,Saturday,8,58,Bourke St - Spencer St (North),312
2888476,11/02/2019 08:00:00 AM,2019,November,2,Saturday,8,59,Swanston St - RMIT Building 80,20
2888477,11/02/2019 08:00:00 AM,2019,November,2,Saturday,8,61,Swanston St - RMIT Building 14,155
2888478,11/02/2019 08:00:00 AM,2019,November,2,Saturday,8,62,La Trobe St (North),37
2888479,11/02/2019 09:00:00 AM,2019,November,2,Saturday,9,4,Town Hall (West),825
2888480,11/02/2019 09:00:00 AM,2019,November,2,Saturday,9,17,Collins Place (South),193
2888481,11/02/2019 09:00:00 AM,2019,November,2,Saturday,9,18,Collins Place (North),82
2888482,11/02/2019 09:00:00 AM,2019,November,2,Saturday,9,53,Collins St (North),556
2888483,11/02/2019 09:00:00 AM,2019,November,2,Saturday,9,2,Bourke Street Mall (South),597
2888484,11/02/2019 09:00:00 AM,2019,November,2,Saturday,9,1,Bourke Street Mall (North),765
2888485,11/02/2019 09:00:00 AM,2019,November,2,Saturday,9,3,Melbourne Central,399
2888486,11/02/2019 09:00:00 AM,2019,November,2,Saturday,9,15,State Library,317
2888487,11/02/2019 09:00:00 AM,2019,November,2,Saturday,9,9,Southern Cross Station,87
2888488,11/02/2019 09:00:00 AM,2019,November,2,Saturday,9,10,Victoria Point,51
2888489,11/02/2019 09:00:00 AM,2019,November,2,Saturday,9,12,New Quay,42
2888490,11/02/2019 09:00:00 AM,2019,November,2,Saturday,9,11,Waterfront City,5
2888491,11/02/2019 09:00:00 AM,2019,November,2,Saturday,9,8,Webb Bridge,93
2888492,11/02/2019 09:00:00 AM,2019,November,2,Saturday,9,7,Birrarung Marr,31
2888493,11/02/2019 09:00:00 AM,2019,November,2,Saturday,9,5,Princes Bridge,487
2888494,11/02/2019 09:00:00 AM,2019,November,2,Saturday,9,6,Flinders Street Station Underpass,745
2888495,11/02/2019 09:00:00 AM,2019,November,2,Saturday,9,14,Sandridge Bridge,13
2888496,11/02/2019 09:00:00 AM,2019,November,2,Saturday,9,26,QV Market-Elizabeth St (West),502
2888497,11/02/2019 09:00:00 AM,2019,November,2,Saturday,9,24,Spencer St-Collins St (North),1135
2888498,11/02/2019 09:00:00 AM,2019,November,2,Saturday,9,23,Spencer St-Collins St (South),215
2888499,11/02/2019 09:00:00 AM,2019,November,2,Saturday,9,25,Melbourne Convention Exhibition Centre,622
2888500,11/02/2019 09:00:00 AM,2019,November,2,Saturday,9,21,Bourke St-Russell St (West),195
2888501,11/02/2019 09:00:00 AM,2019,November,2,Saturday,9,20,Chinatown-Lt Bourke St (South),84
2888502,11/02/2019 09:00:00 AM,2019,November,2,Saturday,9,19,Chinatown-Swanston St (North),149
2888503,11/02/2019 09:00:00 AM,2019,November,2,Saturday,9,22,Flinders St-Elizabeth St (East),1151
2888504,11/02/2019 09:00:00 AM,2019,November,2,Saturday,9,27,QV Market-Peel St,198
2888505,11/02/2019 09:00:00 AM,2019,November,2,Saturday,9,28,The Arts Centre,330
2888506,11/02/2019 09:00:00 AM,2019,November,2,Saturday,9,31,Lygon St (West),112
2888507,11/02/2019 09:00:00 AM,2019,November,2,Saturday,9,30,Lonsdale St (South),281
2888508,11/02/2019 09:00:00 AM,2019,November,2,Saturday,9,34,Flinders St-Spark La,36
2888509,11/02/2019 09:00:00 AM,2019,November,2,Saturday,9,39,Alfred Place,139
2888510,11/02/2019 09:00:00 AM,2019,November,2,Saturday,9,37,Lygon St (East),74
2888511,11/02/2019 09:00:00 AM,2019,November,2,Saturday,9,40,Lonsdale St-Spring St (West),151
2888512,11/02/2019 09:00:00 AM,2019,November,2,Saturday,9,36,Queen St (West),135
2888513,11/02/2019 09:00:00 AM,2019,November,2,Saturday,9,29,St Kilda Rd-Alexandra Gardens,92
2888514,11/02/2019 09:00:00 AM,2019,November,2,Saturday,9,42,Grattan St-Swanston St (West),84
2888515,11/02/2019 09:00:00 AM,2019,November,2,Saturday,9,43,Monash Rd-Swanston St (West),68
2888516,11/02/2019 09:00:00 AM,2019,November,2,Saturday,9,44,Tin Alley-Swanston St (West),45
2888517,11/02/2019 09:00:00 AM,2019,November,2,Saturday,9,35,Southbank,550
2888518,11/02/2019 09:00:00 AM,2019,November,2,Saturday,9,45,Little Collins St-Swanston St (East),354
2888519,11/02/2019 09:00:00 AM,2019,November,2,Saturday,9,46,Pelham St (S),57
2888520,11/02/2019 09:00:00 AM,2019,November,2,Saturday,9,47,Melbourne Central-Elizabeth St (East),538
2888521,11/02/2019 09:00:00 AM,2019,November,2,Saturday,9,48,QVM-Queen St (East),304
2888522,11/02/2019 09:00:00 AM,2019,November,2,Saturday,9,49,QVM-Therry St (South),115
2888523,11/02/2019 09:00:00 AM,2019,November,2,Saturday,9,50,Faraday St-Lygon St (West),210
2888524,11/02/2019 09:00:00 AM,2019,November,2,Saturday,9,51,QVM-Franklin St (North),108
2888525,11/02/2019 09:00:00 AM,2019,November,2,Saturday,9,52,Elizabeth St-Lonsdale St (South),203
2888526,11/02/2019 09:00:00 AM,2019,November,2,Saturday,9,54,Lincoln-Swanston(West),105
2888527,11/02/2019 09:00:00 AM,2019,November,2,Saturday,9,55,Elizabeth St-La Trobe St (East),654
2888528,11/02/2019 09:00:00 AM,2019,November,2,Saturday,9,56,Lonsdale St - Elizabeth St (North),222
2888529,11/02/2019 09:00:00 AM,2019,November,2,Saturday,9,57,Bourke St Bridge,66
2888530,11/02/2019 09:00:00 AM,2019,November,2,Saturday,9,58,Bourke St - Spencer St (North),442
2888531,11/02/2019 09:00:00 AM,2019,November,2,Saturday,9,59,Swanston St - RMIT Building 80,20
2888532,11/02/2019 09:00:00 AM,2019,November,2,Saturday,9,61,Swanston St - RMIT Building 14,234
2888533,11/02/2019 09:00:00 AM,2019,November,2,Saturday,9,62,La Trobe St (North),104
2888534,11/02/2019 10:00:00 AM,2019,November,2,Saturday,10,4,Town Hall (West),1145
2888535,11/02/2019 10:00:00 AM,2019,November,2,Saturday,10,17,Collins Place (South),196
2888536,11/02/2019 10:00:00 AM,2019,November,2,Saturday,10,18,Collins Place (North),91
2888537,11/02/2019 10:00:00 AM,2019,November,2,Saturday,10,53,Collins St (North),706
2888538,11/02/2019 10:00:00 AM,2019,November,2,Saturday,10,2,Bourke Street Mall (South),929
2888539,11/02/2019 10:00:00 AM,2019,November,2,Saturday,10,1,Bourke Street Mall (North),1305
2888540,11/02/2019 10:00:00 AM,2019,November,2,Saturday,10,3,Melbourne Central,602
2888541,11/02/2019 10:00:00 AM,2019,November,2,Saturday,10,15,State Library,479
2888542,11/02/2019 10:00:00 AM,2019,November,2,Saturday,10,9,Southern Cross Station,85
2888543,11/02/2019 10:00:00 AM,2019,November,2,Saturday,10,10,Victoria Point,49
2888544,11/02/2019 10:00:00 AM,2019,November,2,Saturday,10,12,New Quay,49
2888545,11/02/2019 10:00:00 AM,2019,November,2,Saturday,10,11,Waterfront City,10
2888546,11/02/2019 10:00:00 AM,2019,November,2,Saturday,10,8,Webb Bridge,81
2888547,11/02/2019 10:00:00 AM,2019,November,2,Saturday,10,7,Birrarung Marr,41
2888548,11/02/2019 10:00:00 AM,2019,November,2,Saturday,10,5,Princes Bridge,656
2888549,11/02/2019 10:00:00 AM,2019,November,2,Saturday,10,6,Flinders Street Station Underpass,964
2888550,11/02/2019 10:00:00 AM,2019,November,2,Saturday,10,14,Sandridge Bridge,12
2888551,11/02/2019 10:00:00 AM,2019,November,2,Saturday,10,26,QV Market-Elizabeth St (West),594
2888552,11/02/2019 10:00:00 AM,2019,November,2,Saturday,10,24,Spencer St-Collins St (North),1657
2888553,11/02/2019 10:00:00 AM,2019,November,2,Saturday,10,23,Spencer St-Collins St (South),230
2888554,11/02/2019 10:00:00 AM,2019,November,2,Saturday,10,25,Melbourne Convention Exhibition Centre,680
2888555,11/02/2019 10:00:00 AM,2019,November,2,Saturday,10,21,Bourke St-Russell St (West),304
2888556,11/02/2019 10:00:00 AM,2019,November,2,Saturday,10,20,Chinatown-Lt Bourke St (South),132
2888557,11/02/2019 10:00:00 AM,2019,November,2,Saturday,10,19,Chinatown-Swanston St (North),310
2888558,11/02/2019 10:00:00 AM,2019,November,2,Saturday,10,22,Flinders St-Elizabeth St (East),1362
2888559,11/02/2019 10:00:00 AM,2019,November,2,Saturday,10,27,QV Market-Peel St,297
2888560,11/02/2019 10:00:00 AM,2019,November,2,Saturday,10,28,The Arts Centre,500
2888561,11/02/2019 10:00:00 AM,2019,November,2,Saturday,10,31,Lygon St (West),177
2888562,11/02/2019 10:00:00 AM,2019,November,2,Saturday,10,30,Lonsdale St (South),400
2888563,11/02/2019 10:00:00 AM,2019,November,2,Saturday,10,34,Flinders St-Spark La,48
2888564,11/02/2019 10:00:00 AM,2019,November,2,Saturday,10,39,Alfred Place,145
2888565,11/02/2019 10:00:00 AM,2019,November,2,Saturday,10,37,Lygon St (East),108
2888566,11/02/2019 10:00:00 AM,2019,November,2,Saturday,10,40,Lonsdale St-Spring St (West),179
2888567,11/02/2019 10:00:00 AM,2019,November,2,Saturday,10,36,Queen St (West),159
2888568,11/02/2019 10:00:00 AM,2019,November,2,Saturday,10,29,St Kilda Rd-Alexandra Gardens,120
2888569,11/02/2019 10:00:00 AM,2019,November,2,Saturday,10,42,Grattan St-Swanston St (West),85
2888570,11/02/2019 10:00:00 AM,2019,November,2,Saturday,10,43,Monash Rd-Swanston St (West),70
2888571,11/02/2019 10:00:00 AM,2019,November,2,Saturday,10,44,Tin Alley-Swanston St (West),29
2888572,11/02/2019 10:00:00 AM,2019,November,2,Saturday,10,35,Southbank,589
2888573,11/02/2019 10:00:00 AM,2019,November,2,Saturday,10,45,Little Collins St-Swanston St (East),449
2888574,11/02/2019 10:00:00 AM,2019,November,2,Saturday,10,46,Pelham St (S),97
2888575,11/02/2019 10:00:00 AM,2019,November,2,Saturday,10,47,Melbourne Central-Elizabeth St (East),712
2888576,11/02/2019 10:00:00 AM,2019,November,2,Saturday,10,48,QVM-Queen St (East),422
2888577,11/02/2019 10:00:00 AM,2019,November,2,Saturday,10,49,QVM-Therry St (South),212
2888578,11/02/2019 10:00:00 AM,2019,November,2,Saturday,10,50,Faraday St-Lygon St (West),334
2888579,11/02/2019 10:00:00 AM,2019,November,2,Saturday,10,51,QVM-Franklin St (North),142
2888580,11/02/2019 10:00:00 AM,2019,November,2,Saturday,10,52,Elizabeth St-Lonsdale St (South),284
2888581,11/02/2019 10:00:00 AM,2019,November,2,Saturday,10,54,Lincoln-Swanston(West),175
2888582,11/02/2019 10:00:00 AM,2019,November,2,Saturday,10,55,Elizabeth St-La Trobe St (East),826
2888583,11/02/2019 10:00:00 AM,2019,November,2,Saturday,10,56,Lonsdale St - Elizabeth St (North),333
2888584,11/02/2019 10:00:00 AM,2019,November,2,Saturday,10,57,Bourke St Bridge,102
2888585,11/02/2019 10:00:00 AM,2019,November,2,Saturday,10,58,Bourke St - Spencer St (North),698
2888586,11/02/2019 10:00:00 AM,2019,November,2,Saturday,10,59,Swanston St - RMIT Building 80,38
2888587,11/02/2019 10:00:00 AM,2019,November,2,Saturday,10,61,Swanston St - RMIT Building 14,392
2888588,11/02/2019 10:00:00 AM,2019,November,2,Saturday,10,62,La Trobe St (North),145
2888589,11/02/2019 11:00:00 AM,2019,November,2,Saturday,11,4,Town Hall (West),1364
2888590,11/02/2019 11:00:00 AM,2019,November,2,Saturday,11,17,Collins Place (South),216
2888591,11/02/2019 11:00:00 AM,2019,November,2,Saturday,11,18,Collins Place (North),114
2888592,11/02/2019 11:00:00 AM,2019,November,2,Saturday,11,53,Collins St (North),1007
2888593,11/02/2019 11:00:00 AM,2019,November,2,Saturday,11,2,Bourke Street Mall (South),1259
2888594,11/02/2019 11:00:00 AM,2019,November,2,Saturday,11,1,Bourke Street Mall (North),1845
2888595,11/02/2019 11:00:00 AM,2019,November,2,Saturday,11,3,Melbourne Central,786
2888596,11/02/2019 11:00:00 AM,2019,November,2,Saturday,11,15,State Library,566
2888597,11/02/2019 11:00:00 AM,2019,November,2,Saturday,11,9,Southern Cross Station,81
2888598,11/02/2019 11:00:00 AM,2019,November,2,Saturday,11,10,Victoria Point,78
2888599,11/02/2019 11:00:00 AM,2019,November,2,Saturday,11,12,New Quay,23
2888600,11/02/2019 11:00:00 AM,2019,November,2,Saturday,11,11,Waterfront City,5
2888601,11/02/2019 11:00:00 AM,2019,November,2,Saturday,11,8,Webb Bridge,97
2888602,11/02/2019 11:00:00 AM,2019,November,2,Saturday,11,7,Birrarung Marr,48
2888603,11/02/2019 11:00:00 AM,2019,November,2,Saturday,11,5,Princes Bridge,1052
2888604,11/02/2019 11:00:00 AM,2019,November,2,Saturday,11,6,Flinders Street Station Underpass,1075
2888605,11/02/2019 11:00:00 AM,2019,November,2,Saturday,11,14,Sandridge Bridge,15
2888606,11/02/2019 11:00:00 AM,2019,November,2,Saturday,11,26,QV Market-Elizabeth St (West),751
2888607,11/02/2019 11:00:00 AM,2019,November,2,Saturday,11,24,Spencer St-Collins St (North),1535
2888608,11/02/2019 11:00:00 AM,2019,November,2,Saturday,11,23,Spencer St-Collins St (South),197
2888609,11/02/2019 11:00:00 AM,2019,November,2,Saturday,11,25,Melbourne Convention Exhibition Centre,697
2888610,11/02/2019 11:00:00 AM,2019,November,2,Saturday,11,21,Bourke St-Russell St (West),420
2888611,11/02/2019 11:00:00 AM,2019,November,2,Saturday,11,20,Chinatown-Lt Bourke St (South),308
2888612,11/02/2019 11:00:00 AM,2019,November,2,Saturday,11,19,Chinatown-Swanston St (North),562
2888613,11/02/2019 11:00:00 AM,2019,November,2,Saturday,11,22,Flinders St-Elizabeth St (East),1610
2888614,11/02/2019 11:00:00 AM,2019,November,2,Saturday,11,27,QV Market-Peel St,327
2888615,11/02/2019 11:00:00 AM,2019,November,2,Saturday,11,28,The Arts Centre,817
2888616,11/02/2019 11:00:00 AM,2019,November,2,Saturday,11,31,Lygon St (West),131
2888617,11/02/2019 11:00:00 AM,2019,November,2,Saturday,11,30,Lonsdale St (South),478
2888618,11/02/2019 11:00:00 AM,2019,November,2,Saturday,11,34,Flinders St-Spark La,50
2888619,11/02/2019 11:00:00 AM,2019,November,2,Saturday,11,39,Alfred Place,128
2888620,11/02/2019 11:00:00 AM,2019,November,2,Saturday,11,37,Lygon St (East),112
2888621,11/02/2019 11:00:00 AM,2019,November,2,Saturday,11,40,Lonsdale St-Spring St (West),304
2888622,11/02/2019 11:00:00 AM,2019,November,2,Saturday,11,36,Queen St (West),145
2888623,11/02/2019 11:00:00 AM,2019,November,2,Saturday,11,29,St Kilda Rd-Alexandra Gardens,180
2888624,11/02/2019 11:00:00 AM,2019,November,2,Saturday,11,42,Grattan St-Swanston St (West),83
2888625,11/02/2019 11:00:00 AM,2019,November,2,Saturday,11,43,Monash Rd-Swanston St (West),56
2888626,11/02/2019 11:00:00 AM,2019,November,2,Saturday,11,44,Tin Alley-Swanston St (West),41
2888627,11/02/2019 11:00:00 AM,2019,November,2,Saturday,11,35,Southbank,626
2888628,11/02/2019 11:00:00 AM,2019,November,2,Saturday,11,45,Little Collins St-Swanston St (East),437
2888629,11/02/2019 11:00:00 AM,2019,November,2,Saturday,11,46,Pelham St (S),73
2888630,11/02/2019 11:00:00 AM,2019,November,2,Saturday,11,47,Melbourne Central-Elizabeth St (East),905
2888631,11/02/2019 11:00:00 AM,2019,November,2,Saturday,11,48,QVM-Queen St (East),498
2888632,11/02/2019 11:00:00 AM,2019,November,2,Saturday,11,49,QVM-Therry St (South),249
2888633,11/02/2019 11:00:00 AM,2019,November,2,Saturday,11,50,Faraday St-Lygon St (West),413
2888634,11/02/2019 11:00:00 AM,2019,November,2,Saturday,11,51,QVM-Franklin St (North),214
2888635,11/02/2019 11:00:00 AM,2019,November,2,Saturday,11,52,Elizabeth St-Lonsdale St (South),349
2888636,11/02/2019 11:00:00 AM,2019,November,2,Saturday,11,54,Lincoln-Swanston(West),103
2888637,11/02/2019 11:00:00 AM,2019,November,2,Saturday,11,55,Elizabeth St-La Trobe St (East),942
2888638,11/02/2019 11:00:00 AM,2019,November,2,Saturday,11,56,Lonsdale St - Elizabeth St (North),332
2888639,11/02/2019 11:00:00 AM,2019,November,2,Saturday,11,57,Bourke St Bridge,87
2888640,11/02/2019 11:00:00 AM,2019,November,2,Saturday,11,58,Bourke St - Spencer St (North),751
2888641,11/02/2019 11:00:00 AM,2019,November,2,Saturday,11,59,Swanston St - RMIT Building 80,41
2888642,11/02/2019 11:00:00 AM,2019,November,2,Saturday,11,61,Swanston St - RMIT Building 14,422
2888643,11/02/2019 11:00:00 AM,2019,November,2,Saturday,11,62,La Trobe St (North),168
2888644,11/02/2019 12:00:00 PM,2019,November,2,Saturday,12,4,Town Hall (West),1809
2888645,11/02/2019 12:00:00 PM,2019,November,2,Saturday,12,17,Collins Place (South),148
2888646,11/02/2019 12:00:00 PM,2019,November,2,Saturday,12,18,Collins Place (North),113
2888647,11/02/2019 12:00:00 PM,2019,November,2,Saturday,12,53,Collins St (North),1002
2888648,11/02/2019 12:00:00 PM,2019,November,2,Saturday,12,2,Bourke Street Mall (South),1670
2888649,11/02/2019 12:00:00 PM,2019,November,2,Saturday,12,1,Bourke Street Mall (North),2287
2888650,11/02/2019 12:00:00 PM,2019,November,2,Saturday,12,3,Melbourne Central,1306
2888651,11/02/2019 12:00:00 PM,2019,November,2,Saturday,12,15,State Library,845
2888652,11/02/2019 12:00:00 PM,2019,November,2,Saturday,12,9,Southern Cross Station,97
2888653,11/02/2019 12:00:00 PM,2019,November,2,Saturday,12,10,Victoria Point,66
2888654,11/02/2019 12:00:00 PM,2019,November,2,Saturday,12,12,New Quay,95
2888655,11/02/2019 12:00:00 PM,2019,November,2,Saturday,12,11,Waterfront City,18
2888656,11/02/2019 12:00:00 PM,2019,November,2,Saturday,12,8,Webb Bridge,123
2888657,11/02/2019 12:00:00 PM,2019,November,2,Saturday,12,7,Birrarung Marr,42
2888658,11/02/2019 12:00:00 PM,2019,November,2,Saturday,12,5,Princes Bridge,1349
2888659,11/02/2019 12:00:00 PM,2019,November,2,Saturday,12,6,Flinders Street Station Underpass,963
2888660,11/02/2019 12:00:00 PM,2019,November,2,Saturday,12,14,Sandridge Bridge,11
2888661,11/02/2019 12:00:00 PM,2019,November,2,Saturday,12,26,QV Market-Elizabeth St (West),971
2888662,11/02/2019 12:00:00 PM,2019,November,2,Saturday,12,24,Spencer St-Collins St (North),1277
2888663,11/02/2019 12:00:00 PM,2019,November,2,Saturday,12,23,Spencer St-Collins St (South),166
2888664,11/02/2019 12:00:00 PM,2019,November,2,Saturday,12,25,Melbourne Convention Exhibition Centre,776
2888665,11/02/2019 12:00:00 PM,2019,November,2,Saturday,12,21,Bourke St-Russell St (West),639
2888666,11/02/2019 12:00:00 PM,2019,November,2,Saturday,12,20,Chinatown-Lt Bourke St (South),524
2888667,11/02/2019 12:00:00 PM,2019,November,2,Saturday,12,19,Chinatown-Swanston St (North),865
2888668,11/02/2019 12:00:00 PM,2019,November,2,Saturday,12,22,Flinders St-Elizabeth St (East),1761
2888669,11/02/2019 12:00:00 PM,2019,November,2,Saturday,12,27,QV Market-Peel St,316
2888670,11/02/2019 12:00:00 PM,2019,November,2,Saturday,12,28,The Arts Centre,1184
2888671,11/02/2019 12:00:00 PM,2019,November,2,Saturday,12,31,Lygon St (West),213
2888672,11/02/2019 12:00:00 PM,2019,November,2,Saturday,12,30,Lonsdale St (South),634
2888673,11/02/2019 12:00:00 PM,2019,November,2,Saturday,12,34,Flinders St-Spark La,38
2888674,11/02/2019 12:00:00 PM,2019,November,2,Saturday,12,39,Alfred Place,91
2888675,11/02/2019 12:00:00 PM,2019,November,2,Saturday,12,37,Lygon St (East),179
2888676,11/02/2019 12:00:00 PM,2019,November,2,Saturday,12,40,Lonsdale St-Spring St (West),282
2888677,11/02/2019 12:00:00 PM,2019,November,2,Saturday,12,36,Queen St (West),154
2888678,11/02/2019 12:00:00 PM,2019,November,2,Saturday,12,29,St Kilda Rd-Alexandra Gardens,269
2888679,11/02/2019 12:00:00 PM,2019,November,2,Saturday,12,42,Grattan St-Swanston St (West),146
2888680,11/02/2019 12:00:00 PM,2019,November,2,Saturday,12,43,Monash Rd-Swanston St (West),62
2888681,11/02/2019 12:00:00 PM,2019,November,2,Saturday,12,44,Tin Alley-Swanston St (West),63
2888682,11/02/2019 12:00:00 PM,2019,November,2,Saturday,12,35,Southbank,694
2888683,11/02/2019 12:00:00 PM,2019,November,2,Saturday,12,45,Little Collins St-Swanston St (East),705
2888684,11/02/2019 12:00:00 PM,2019,November,2,Saturday,12,46,Pelham St (S),94
2888685,11/02/2019 12:00:00 PM,2019,November,2,Saturday,12,47,Melbourne Central-Elizabeth St (East),1136
2888686,11/02/2019 12:00:00 PM,2019,November,2,Saturday,12,48,QVM-Queen St (East),580
2888687,11/02/2019 12:00:00 PM,2019,November,2,Saturday,12,49,QVM-Therry St (South),311
2888688,11/02/2019 12:00:00 PM,2019,November,2,Saturday,12,50,Faraday St-Lygon St (West),411
2888689,11/02/2019 12:00:00 PM,2019,November,2,Saturday,12,51,QVM-Franklin St (North),209
2888690,11/02/2019 12:00:00 PM,2019,November,2,Saturday,12,52,Elizabeth St-Lonsdale St (South),488
2888691,11/02/2019 12:00:00 PM,2019,November,2,Saturday,12,54,Lincoln-Swanston(West),155
2888692,11/02/2019 12:00:00 PM,2019,November,2,Saturday,12,55,Elizabeth St-La Trobe St (East),1119
2888693,11/02/2019 12:00:00 PM,2019,November,2,Saturday,12,56,Lonsdale St - Elizabeth St (North),489
2888694,11/02/2019 12:00:00 PM,2019,November,2,Saturday,12,57,Bourke St Bridge,92
2888695,11/02/2019 12:00:00 PM,2019,November,2,Saturday,12,58,Bourke St - Spencer St (North),741
2888696,11/02/2019 12:00:00 PM,2019,November,2,Saturday,12,59,Swanston St - RMIT Building 80,113
2888697,11/02/2019 12:00:00 PM,2019,November,2,Saturday,12,61,Swanston St - RMIT Building 14,424
2888698,11/02/2019 12:00:00 PM,2019,November,2,Saturday,12,62,La Trobe St (North),256
2888699,11/02/2019 01:00:00 PM,2019,November,2,Saturday,13,4,Town Hall (West),2124
2888700,11/02/2019 01:00:00 PM,2019,November,2,Saturday,13,17,Collins Place (South),260
2888701,11/02/2019 01:00:00 PM,2019,November,2,Saturday,13,18,Collins Place (North),140
2888702,11/02/2019 01:00:00 PM,2019,November,2,Saturday,13,53,Collins St (North),1139
2888703,11/02/2019 01:00:00 PM,2019,November,2,Saturday,13,2,Bourke Street Mall (South),1744
2888704,11/02/2019 01:00:00 PM,2019,November,2,Saturday,13,1,Bourke Street Mall (North),2486
2888705,11/02/2019 01:00:00 PM,2019,November,2,Saturday,13,3,Melbourne Central,1492
